Archivo,Bib_Corredor,Club / Jersey,Gadgets_Detectados,Nivel_Emocion
697252370_122184317618592376_2630912094616755859_n.jpg,51,Genérico / Independiente,Headphones,Concentrado
697252370_122184317618592376_2630912094616755859_n.jpg,1351,Genérico / Independiente,A smartwatch,Concentrado
697252370_122184317618592376_2630912094616755859_n.jpg,673,Genérico / Independiente,A smartwatch,Agotado
697252370_122184317618592376_2630912094616755859_n.jpg,1876,Genérico / Independiente,A smartwatch,Concentrado
697252370_122184317618592376_2630912094616755859_n.jpg,1792,Genérico / Independiente,A smartwatch,Concentrado
697252370_122184317618592376_2630912094616755859_n.jpg,No detectado,Genérico / Independiente,A smartwatch,Alta Energía / Positiva
687587340_122224090784582925_3712720393538483759_n.jpg,1222,Genérico / Independiente,A smartwatch,Agotado
687587340_122224090784582925_3712720393538483759_n.jpg,1084,Genérico / Independiente,A smartwatch,Concentrado
687587340_122224090784582925_3712720393538483759_n.jpg,No detectado,Genérico / Independiente,A smartwatch,Agotado
687587340_122224090784582925_3712720393538483759_n.jpg,No detectado,Genérico / Independiente,A smartwatch,Alta Energía / Positiva
687587340_122224090784582925_3712720393538483759_n.jpg,915,Genérico / Independiente,A smartwatch,Concentrado
687587340_122224090784582925_3712720393538483759_n.jpg,348,Genérico / Independiente,A smartwatch,Concentrado
687587340_122224090784582925_3712720393538483759_n.jpg,No detectado,Genérico / Independiente,Headphones,Concentrado
687587340_122224090784582925_3712720393538483759_n.jpg,No detectado,Genérico / Independiente,A smartwatch,Concentrado
687587340_122224090784582925_3712720393538483759_n.jpg,No detectado,Genérico / Independiente,Sports sunglasses,Alta Energía / Positiva
697792912_122184316934592376_8735705726874058468_n.jpg,1624,Genérico / Independiente,A smartwatch,Concentrado
697792912_122184316934592376_8735705726874058468_n.jpg,1898,Genérico / Independiente,A smartwatch,Alta Energía / Positiva
697792912_122184316934592376_8735705726874058468_n.jpg,2147,Genérico / Independiente,A smartwatch,Concentrado
697792912_122184316934592376_8735705726874058468_n.jpg,No detectado,Genérico / Independiente,A smartwatch,Alta Energía / Positiva
697792912_122184316934592376_8735705726874058468_n.jpg,13,Genérico / Independiente,A smartwatch,Concentrado
697792912_122184316934592376_8735705726874058468_n.jpg,No detectado,Genérico / Independiente,A smartwatch,Alta Energía / Positiva
697406926_122184315710592376_5934002625339433247_n.jpg,No detectado,CALICO,Headphones,Concentrado
689010591_122224089386582925_4110240481674692768_n.jpg,No detectado,Genérico / Independiente,Headphones,Concentrado
689010591_122224089386582925_4110240481674692768_n.jpg,686,Genérico / Independiente,A smartwatch,Concentrado
689010591_122224089386582925_4110240481674692768_n.jpg,650,Genérico / Independiente,A smartwatch,Concentrado
689010591_122224089386582925_4110240481674692768_n.jpg,650,Genérico / Independiente,A smartwatch,Agotado
689010591_122224089386582925_4110240481674692768_n.jpg,14,Genérico / Independiente,A smartwatch,Agotado
689010591_122224089386582925_4110240481674692768_n.jpg,No detectado,Genérico / Independiente,Headphones,Concentrado
689010591_122224089386582925_4110240481674692768_n.jpg,No detectado,Genérico / Independiente,A smartwatch,Concentrado
689010591_122224089386582925_4110240481674692768_n.jpg,97,Genérico / Independiente,A smartwatch,Agotado
689010591_122224089386582925_4110240481674692768_n.jpg,7814,Genérico / Independiente,A smartwatch,Alta Energía / Positiva
689010591_122224089386582925_4110240481674692768_n.jpg,No detectado,Genérico / Independiente,A smartwatch,Alta Energía / Positiva
689451417_122224084196582925_90753348125320815_n.jpg,1254,Genérico / Independiente,A smartwatch,Alta Energía / Positiva
689451417_122224084196582925_90753348125320815_n.jpg,438,Genérico / Independiente,A smartwatch,Alta Energía / Positiva
689451417_122224084196582925_90753348125320815_n.jpg,No detectado,Genérico / Independiente,A smartwatch,Agotado
689451417_122224084196582925_90753348125320815_n.jpg,438,Genérico / Independiente,A smartwatch,Agotado
689451417_122224084196582925_90753348125320815_n.jpg,206,Genérico / Independiente,A smartwatch,Concentrado
689451417_122224084196582925_90753348125320815_n.jpg,No detectado,Genérico / Independiente,A smartwatch,Agotado
689011966_122224088108582925_5642006756134557620_n.jpg,No detectado,Genérico / Independiente,A smartwatch,Concentrado
689011966_122224088108582925_5642006756134557620_n.jpg,716,Genérico / Independiente,A smartwatch,Concentrado
689011966_122224088108582925_5642006756134557620_n.jpg,1310,Genérico / Independiente,A smartwatch,Concentrado
689011966_122224088108582925_5642006756134557620_n.jpg,No detectado,Genérico / Independiente,Headphones,Concentrado
689011966_122224088108582925_5642006756134557620_n.jpg,No detectado,Genérico / Independiente,A smartwatch,Alta Energía / Positiva
689011966_122224088108582925_5642006756134557620_n.jpg,No detectado,Genérico / Independiente,A smartwatch,Agotado
689459414_122224083128582925_4819708775016758100_n.jpg,48,Genérico / Independiente,A smartwatch,Concentrado
689459414_122224083128582925_4819708775016758100_n.jpg,No detectado,Genérico / Independiente,Sports sunglasses,Concentrado
689459414_122224083128582925_4819708775016758100_n.jpg,No detectado,Genérico / Independiente,A smartwatch,Alta Energía / Positiva
689459414_122224083128582925_4819708775016758100_n.jpg,984,Genérico / Independiente,Headphones,Concentrado
689459414_122224083128582925_4819708775016758100_n.jpg,No detectado,Genérico / Independiente,A smartwatch,Concentrado
696774089_122184316430592376_552401816900475293_n.jpg,510,Genérico / Independiente,A smartwatch,Alta Energía / Positiva
696774089_122184316430592376_552401816900475293_n.jpg,No detectado,Genérico / Independiente,A smartwatch,Agotado
696774089_122184316430592376_552401816900475293_n.jpg,45,Genérico / Independiente,A smartwatch,Concentrado
696774089_122184316430592376_552401816900475293_n.jpg,No detectado,Genérico / Independiente,A smartwatch,Concentrado
696774089_122184316430592376_552401816900475293_n.jpg,15,Genérico / Independiente,A smartwatch,Agotado
696774089_122184316430592376_552401816900475293_n.jpg,No detectado,Genérico / Independiente,A smartwatch,Agotado
696939369_122184316292592376_9086313523095220431_n.jpg,No detectado,Genérico / Independiente,A smartwatch,Concentrado
696939369_122184316292592376_9086313523095220431_n.jpg,No detectado,Genérico / Independiente,Headphones,Alta Energía / Positiva
696939369_122184316292592376_9086313523095220431_n.jpg,No detectado,Genérico / Independiente,Headphones,Concentrado
695789281_122184315806592376_6890575868125742049_n.jpg,No detectado,Genérico / Independiente,A smartwatch,Concentrado
695789281_122184315806592376_6890575868125742049_n.jpg,No detectado,Genérico / Independiente,A smartwatch,Agotado
695789281_122184315806592376_6890575868125742049_n.jpg,No detectado,Genérico / Independiente,Headphones,Agotado
695789281_122184315806592376_6890575868125742049_n.jpg,No detectado,Genérico / Independiente,A smartwatch,Alta Energía / Positiva
695789281_122184315806592376_6890575868125742049_n.jpg,No detectado,Genérico / Independiente,Headphones,Concentrado
697792753_122184316166592376_6617274621736215641_n.jpg,No detectado,Genérico / Independiente,A smartwatch,Concentrado
697792753_122184316166592376_6617274621736215641_n.jpg,No detectado,Genérico / Independiente,A smartwatch,Concentrado
697792753_122184316166592376_6617274621736215641_n.jpg,No detectado,Genérico / Independiente,A smartwatch,Alta Energía / Positiva
697792753_122184316166592376_6617274621736215641_n.jpg,No detectado,Genérico / Independiente,A smartwatch,Alta Energía / Positiva
697792753_122184316166592376_6617274621736215641_n.jpg,No detectado,Genérico / Independiente,Sports sunglasses,Concentrado
688996965_122224084712582925_2826197700649226683_n.jpg,No detectado,Genérico / Independiente,A smartwatch,Concentrado
688996965_122224084712582925_2826197700649226683_n.jpg,No detectado,Genérico / Independiente,A smartwatch,Alta Energía / Positiva
688996965_122224084712582925_2826197700649226683_n.jpg,No detectado,Genérico / Independiente,Sports sunglasses,Concentrado
688996965_122224084712582925_2826197700649226683_n.jpg,1670,Genérico / Independiente,A smartwatch,Concentrado
688996965_122224084712582925_2826197700649226683_n.jpg,No detectado,Genérico / Independiente,A smartwatch,Agotado
688996965_122224084712582925_2826197700649226683_n.jpg,No detectado,Genérico / Independiente,A smartwatch,Concentrado
689478856_122224083230582925_891316308361396515_n.jpg,No detectado,Genérico / Independiente,A smartwatch,Concentrado
689478856_122224083230582925_891316308361396515_n.jpg,1580,Genérico / Independiente,A smartwatch,Concentrado
689478856_122224083230582925_891316308361396515_n.jpg,1669,Genérico / Independiente,A smartwatch,Concentrado
689478856_122224083230582925_891316308361396515_n.jpg,12,Genérico / Independiente,A smartwatch,Agotado
689478856_122224083230582925_891316308361396515_n.jpg,No detectado,Genérico / Independiente,A smartwatch,Concentrado
689478856_122224083230582925_891316308361396515_n.jpg,No detectado,Genérico / Independiente,A smartwatch,Concentrado
689478856_122224083230582925_891316308361396515_n.jpg,01,Genérico / Independiente,A smartwatch,Alta Energía / Positiva
689478856_122224083230582925_891316308361396515_n.jpg,1701,Genérico / Independiente,A smartwatch,Agotado
689010237_122224082990582925_2991378177372979982_n.jpg,741,Genérico / Independiente,A smartwatch,Concentrado
689010237_122224082990582925_2991378177372979982_n.jpg,No detectado,Genérico / Independiente,A smartwatch,Alta Energía / Positiva
689010237_122224082990582925_2991378177372979982_n.jpg,No detectado,Genérico / Independiente,A smartwatch,Concentrado
689010237_122224082990582925_2991378177372979982_n.jpg,No detectado,Genérico / Independiente,A smartwatch,Concentrado
689010237_122224082990582925_2991378177372979982_n.jpg,272,Genérico / Independiente,A smartwatch,Alta Energía / Positiva
689010237_122224082990582925_2991378177372979982_n.jpg,No detectado,Genérico / Independiente,A smartwatch,Alta Energía / Positiva
687634052_122224086230582925_8861789438212400021_n.jpg,2225,Genérico / Independiente,A smartwatch,Alta Energía / Positiva
687634052_122224086230582925_8861789438212400021_n.jpg,No detectado,Genérico / Independiente,A smartwatch,Agotado
687634052_122224086230582925_8861789438212400021_n.jpg,No detectado,Genérico / Independiente,A smartwatch,Concentrado
687634052_122224086230582925_8861789438212400021_n.jpg,No detectado,Genérico / Independiente,A smartwatch,Alta Energía / Positiva
687634052_122224086230582925_8861789438212400021_n.jpg,No detectado,Genérico / Independiente,A smartwatch,Concentrado
687634052_122224086230582925_8861789438212400021_n.jpg,1800,Genérico / Independiente,A smartwatch,Agotado
689001038_122224086998582925_2226492338653474738_n.jpg,2233,Genérico / Independiente,A smartwatch,Alta Energía / Positiva
689001038_122224086998582925_2226492338653474738_n.jpg,552,Genérico / Independiente,A smartwatch,Concentrado
689001038_122224086998582925_2226492338653474738_n.jpg,1279,Genérico / Independiente,A smartwatch,Agotado
689001038_122224086998582925_2226492338653474738_n.jpg,No detectado,Genérico / Independiente,A smartwatch,Agotado
689001038_122224086998582925_2226492338653474738_n.jpg,No detectado,Genérico / Independiente,A smartwatch,Agotado
689001038_122224086998582925_2226492338653474738_n.jpg,No detectado,Genérico / Independiente,Headphones,Agotado
689001038_122224086998582925_2226492338653474738_n.jpg,No detectado,Genérico / Independiente,A smartwatch,Agotado
689001038_122224086998582925_2226492338653474738_n.jpg,No detectado,Genérico / Independiente,A smartwatch,Alta Energía / Positiva
689001038_122224086998582925_2226492338653474738_n.jpg,No detectado,Genérico / Independiente,Headphones,Concentrado
689001038_122224086998582925_2226492338653474738_n.jpg,No detectado,Genérico / Independiente,A smartwatch,Alta Energía / Positiva
689480942_122224085498582925_570825199647964306_n.jpg,1816,Genérico / Independiente,A smartwatch,Concentrado
689480942_122224085498582925_570825199647964306_n.jpg,20,Genérico / Independiente,A smartwatch,Alta Energía / Positiva
689480942_122224085498582925_570825199647964306_n.jpg,No detectado,Genérico / Independiente,A smartwatch,Agotado
689480942_122224085498582925_570825199647964306_n.jpg,745,Genérico / Independiente,A smartwatch,Agotado
689480942_122224085498582925_570825199647964306_n.jpg,No detectado,Genérico / Independiente,A smartwatch,Agotado
689480942_122224085498582925_570825199647964306_n.jpg,1791,Genérico / Independiente,A smartwatch,Agotado
689480942_122224085498582925_570825199647964306_n.jpg,20,Genérico / Independiente,A smartwatch,Agotado
689480942_122224085498582925_570825199647964306_n.jpg,111,Genérico / Independiente,Headphones,Alta Energía / Positiva
689473200_122224087670582925_6111209916151606107_n.jpg,19,Genérico / Independiente,A smartwatch,Concentrado
689473200_122224087670582925_6111209916151606107_n.jpg,2157,Genérico / Independiente,A smartwatch,Concentrado
689473200_122224087670582925_6111209916151606107_n.jpg,No detectado,Genérico / Independiente,Sports sunglasses,Concentrado
689473200_122224087670582925_6111209916151606107_n.jpg,No detectado,Genérico / Independiente,Headphones,Concentrado
689473200_122224087670582925_6111209916151606107_n.jpg,No detectado,Genérico / Independiente,Headphones,Concentrado
689473200_122224087670582925_6111209916151606107_n.jpg,No detectado,Genérico / Independiente,Sports sunglasses,Concentrado
689473200_122224087670582925_6111209916151606107_n.jpg,No detectado,Genérico / Independiente,A smartwatch,Agotado
689007452_122224088690582925_603830295569579259_n.jpg,225,Genérico / Independiente,A smartwatch,Concentrado
689007452_122224088690582925_603830295569579259_n.jpg,2109,Genérico / Independiente,A smartwatch,Concentrado
689007452_122224088690582925_603830295569579259_n.jpg,1813,Genérico / Independiente,A smartwatch,Agotado
689007452_122224088690582925_603830295569579259_n.jpg,279,Genérico / Independiente,A smartwatch,Concentrado
689007452_122224088690582925_603830295569579259_n.jpg,1622,Genérico / Independiente,A smartwatch,Alta Energía / Positiva
689007452_122224088690582925_603830295569579259_n.jpg,No detectado,Genérico / Independiente,A smartwatch,Concentrado
689007452_122224088690582925_603830295569579259_n.jpg,No detectado,Genérico / Independiente,A smartwatch,Alta Energía / Positiva
689007452_122224088690582925_603830295569579259_n.jpg,No detectado,Genérico / Independiente,A smartwatch,Agotado
689021860_122224088048582925_7769367794365670568_n.jpg,No detectado,Genérico / Independiente,A smartwatch,Alta Energía / Positiva
689021860_122224088048582925_7769367794365670568_n.jpg,No detectado,Genérico / Independiente,A smartwatch,Concentrado
689021860_122224088048582925_7769367794365670568_n.jpg,94,Genérico / Independiente,A smartwatch,Alta Energía / Positiva
689021860_122224088048582925_7769367794365670568_n.jpg,No detectado,Genérico / Independiente,A smartwatch,Concentrado
689021860_122224088048582925_7769367794365670568_n.jpg,94,Genérico / Independiente,A smartwatch,Alta Energía / Positiva
689021860_122224088048582925_7769367794365670568_n.jpg,953,Genérico / Independiente,A smartwatch,Agotado
697793033_122184316052592376_7003967167834355145_n.jpg,No detectado,Genérico / Independiente,Headphones,Concentrado
689000846_122224090556582925_2628657149078087979_n.jpg,No detectado,Genérico / Independiente,A smartwatch,Concentrado
689000846_122224090556582925_2628657149078087979_n.jpg,No detectado,Genérico / Independiente,A smartwatch,Agotado
689000846_122224090556582925_2628657149078087979_n.jpg,2040,Genérico / Independiente,A smartwatch,Concentrado
689000846_122224090556582925_2628657149078087979_n.jpg,No detectado,Genérico / Independiente,Headphones,Agotado
689000846_122224090556582925_2628657149078087979_n.jpg,No detectado,Genérico / Independiente,Sports sunglasses,Concentrado
689000846_122224090556582925_2628657149078087979_n.jpg,No detectado,Genérico / Independiente,A smartwatch,Alta Energía / Positiva
689000846_122224090556582925_2628657149078087979_n.jpg,No detectado,Genérico / Independiente,A smartwatch,Agotado
689000846_122224090556582925_2628657149078087979_n.jpg,No detectado,Genérico / Independiente,Sports sunglasses,Concentrado
689000846_122224090556582925_2628657149078087979_n.jpg,No detectado,Genérico / Independiente,A smartwatch,Agotado
689000846_122224090556582925_2628657149078087979_n.jpg,No detectado,Genérico / Independiente,Sports sunglasses,Concentrado
697792619_122184315602592376_763363598250165357_n.jpg,No detectado,Genérico / Independiente,Sports sunglasses,Concentrado
698435248_122224089602582925_938660778874579252_n.jpg,No detectado,Genérico / Independiente,Headphones,Concentrado
698435248_122224089602582925_938660778874579252_n.jpg,No detectado,Genérico / Independiente,A smartwatch,Concentrado
698435248_122224089602582925_938660778874579252_n.jpg,684,Genérico / Independiente,A smartwatch,Concentrado
698435248_122224089602582925_938660778874579252_n.jpg,1814,Genérico / Independiente,A smartwatch,Alta Energía / Positiva
698435248_122224089602582925_938660778874579252_n.jpg,770,Genérico / Independiente,A smartwatch,Alta Energía / Positiva
698435248_122224089602582925_938660778874579252_n.jpg,686,Genérico / Independiente,A smartwatch,Alta Energía / Positiva
698435248_122224089602582925_938660778874579252_n.jpg,099,Genérico / Independiente,A smartwatch,Agotado
698435248_122224089602582925_938660778874579252_n.jpg,No detectado,Genérico / Independiente,Headphones,Concentrado
698435248_122224089602582925_938660778874579252_n.jpg,No detectado,Genérico / Independiente,Sports sunglasses,Concentrado
689473581_122224084442582925_2895209625714555092_n.jpg,33,Genérico / Independiente,A smartwatch,Concentrado
689473581_122224084442582925_2895209625714555092_n.jpg,No detectado,Genérico / Independiente,Headphones,Alta Energía / Positiva
689473581_122224084442582925_2895209625714555092_n.jpg,1771,Genérico / Independiente,A smartwatch,Agotado
689473581_122224084442582925_2895209625714555092_n.jpg,60,Genérico / Independiente,A smartwatch,Concentrado
689473581_122224084442582925_2895209625714555092_n.jpg,No detectado,Genérico / Independiente,A smartwatch,Agotado
689473581_122224084442582925_2895209625714555092_n.jpg,503,Genérico / Independiente,A smartwatch,Alta Energía / Positiva
689473581_122224084442582925_2895209625714555092_n.jpg,1503,Genérico / Independiente,A smartwatch,Concentrado
689473581_122224084442582925_2895209625714555092_n.jpg,94,Genérico / Independiente,A smartwatch,Agotado
689473581_122224084442582925_2895209625714555092_n.jpg,692,Genérico / Independiente,A smartwatch,Alta Energía / Positiva
689473581_122224084442582925_2895209625714555092_n.jpg,33,Genérico / Independiente,A smartwatch,Agotado
691038945_122224086902582925_3780286705869214026_n.jpg,No detectado,Genérico / Independiente,A smartwatch,Alta Energía / Positiva
691038945_122224086902582925_3780286705869214026_n.jpg,No detectado,Genérico / Independiente,A smartwatch,Agotado
691038945_122224086902582925_3780286705869214026_n.jpg,1840,Genérico / Independiente,A smartwatch,Alta Energía / Positiva
691038945_122224086902582925_3780286705869214026_n.jpg,No detectado,Genérico / Independiente,Sports sunglasses,Concentrado
691038945_122224086902582925_3780286705869214026_n.jpg,312,Genérico / Independiente,A smartwatch,Concentrado
691038945_122224086902582925_3780286705869214026_n.jpg,No detectado,Genérico / Independiente,A smartwatch,Alta Energía / Positiva
691038945_122224086902582925_3780286705869214026_n.jpg,No detectado,Genérico / Independiente,A smartwatch,Alta Energía / Positiva
691038945_122224086902582925_3780286705869214026_n.jpg,No detectado,Genérico / Independiente,Headphones,Alta Energía / Positiva
697792951_122184315548592376_8089216452265477921_n.jpg,No detectado,Genérico / Independiente,Sports sunglasses,Concentrado
697792951_122184315548592376_8089216452265477921_n.jpg,No detectado,Genérico / Independiente,A smartwatch,Alta Energía / Positiva
697105160_122184318026592376_2420902306556191715_n.jpg,No detectado,Genérico / Independiente,A smartwatch,Concentrado
697105160_122184318026592376_2420902306556191715_n.jpg,No detectado,Genérico / Independiente,Sports sunglasses,Concentrado
697105160_122184318026592376_2420902306556191715_n.jpg,No detectado,Genérico / Independiente,A smartwatch,Alta Energía / Positiva
697105160_122184318026592376_2420902306556191715_n.jpg,No detectado,Genérico / Independiente,A smartwatch,Agotado
697105160_122184318026592376_2420902306556191715_n.jpg,No detectado,Genérico / Independiente,A smartwatch,Concentrado
689023144_122224088114582925_4025506362255520709_n.jpg,No detectado,Genérico / Independiente,Headphones,Concentrado
689023144_122224088114582925_4025506362255520709_n.jpg,No detectado,Genérico / Independiente,Headphones,Agotado
689023144_122224088114582925_4025506362255520709_n.jpg,No detectado,Genérico / Independiente,A smartwatch,Concentrado
689023144_122224088114582925_4025506362255520709_n.jpg,No detectado,Genérico / Independiente,A smartwatch,Concentrado
689023144_122224088114582925_4025506362255520709_n.jpg,915,Genérico / Independiente,A smartwatch,Concentrado
696523190_122224090502582925_1031375221435254398_n.jpg,1851,Genérico / Independiente,Headphones,Concentrado
696523190_122224090502582925_1031375221435254398_n.jpg,No detectado,Genérico / Independiente,A smartwatch,Agotado
696523190_122224090502582925_1031375221435254398_n.jpg,50,Genérico / Independiente,A smartwatch,Concentrado
696523190_122224090502582925_1031375221435254398_n.jpg,No detectado,Genérico / Independiente,Headphones,Concentrado
696523190_122224090502582925_1031375221435254398_n.jpg,112,Genérico / Independiente,A smartwatch,Alta Energía / Positiva
696523190_122224090502582925_1031375221435254398_n.jpg,2252,Genérico / Independiente,A smartwatch,Agotado
696523190_122224090502582925_1031375221435254398_n.jpg,No detectado,Genérico / Independiente,Headphones,Concentrado
696523190_122224090502582925_1031375221435254398_n.jpg,504,Genérico / Independiente,A smartwatch,Alta Energía / Positiva
689027026_122224090394582925_9190174961021740541_n.jpg,135,Genérico / Independiente,A smartwatch,Alta Energía / Positiva
689027026_122224090394582925_9190174961021740541_n.jpg,1896,Genérico / Independiente,A smartwatch,Concentrado
689027026_122224090394582925_9190174961021740541_n.jpg,No detectado,Genérico / Independiente,A smartwatch,Agotado
689027026_122224090394582925_9190174961021740541_n.jpg,651,Genérico / Independiente,A smartwatch,Concentrado
689027026_122224090394582925_9190174961021740541_n.jpg,1041,Genérico / Independiente,A smartwatch,Agotado
689027026_122224090394582925_9190174961021740541_n.jpg,No detectado,Genérico / Independiente,A smartwatch,Agotado
689027026_122224090394582925_9190174961021740541_n.jpg,13,Genérico / Independiente,A smartwatch,Alta Energía / Positiva
689027026_122224090394582925_9190174961021740541_n.jpg,No detectado,Genérico / Independiente,A smartwatch,Alta Energía / Positiva
689027026_122224090394582925_9190174961021740541_n.jpg,No detectado,Genérico / Independiente,A smartwatch,Alta Energía / Positiva
689027026_122224090394582925_9190174961021740541_n.jpg,No detectado,Genérico / Independiente,A smartwatch,Agotado
697096573_122184316376592376_8897316898589576521_n.jpg,1601,Genérico / Independiente,A smartwatch,Agotado
697096573_122184316376592376_8897316898589576521_n.jpg,1460,Genérico / Independiente,A smartwatch,Concentrado
697096573_122184316376592376_8897316898589576521_n.jpg,406,Genérico / Independiente,A smartwatch,Concentrado
697096573_122184316376592376_8897316898589576521_n.jpg,No detectado,Genérico / Independiente,A smartwatch,Concentrado
697096573_122184316376592376_8897316898589576521_n.jpg,543,Genérico / Independiente,A smartwatch,Alta Energía / Positiva
697096573_122184316376592376_8897316898589576521_n.jpg,No detectado,Genérico / Independiente,A smartwatch,Concentrado
697096573_122184316376592376_8897316898589576521_n.jpg,No detectado,Genérico / Independiente,A smartwatch,Agotado
697792455_122184316580592376_6608979295685162357_n.jpg,1476,Genérico / Independiente,A smartwatch,Concentrado
697792455_122184316580592376_6608979295685162357_n.jpg,No detectado,Genérico / Independiente,Sports sunglasses,Concentrado
688819878_122224083326582925_7862934023613805186_n.jpg,93,Genérico / Independiente,A smartwatch,Alta Energía / Positiva
688819878_122224083326582925_7862934023613805186_n.jpg,2069,Genérico / Independiente,A smartwatch,Concentrado
688819878_122224083326582925_7862934023613805186_n.jpg,No detectado,Genérico / Independiente,A smartwatch,Alta Energía / Positiva
688819878_122224083326582925_7862934023613805186_n.jpg,934,Genérico / Independiente,A smartwatch,Alta Energía / Positiva
688819878_122224083326582925_7862934023613805186_n.jpg,No detectado,Genérico / Independiente,A smartwatch,Concentrado
688819878_122224083326582925_7862934023613805186_n.jpg,964,Genérico / Independiente,A smartwatch,Concentrado
688819878_122224083326582925_7862934023613805186_n.jpg,1399,Genérico / Independiente,A smartwatch,Concentrado
697777719_122184316802592376_6854273988381488817_n.jpg,1800,Genérico / Independiente,A smartwatch,Concentrado
697777719_122184316802592376_6854273988381488817_n.jpg,No detectado,Genérico / Independiente,A smartwatch,Alta Energía / Positiva
697777719_122184316802592376_6854273988381488817_n.jpg,No detectado,Genérico / Independiente,A smartwatch,Alta Energía / Positiva
697777719_122184316802592376_6854273988381488817_n.jpg,No detectado,Genérico / Independiente,A smartwatch,Concentrado
697777719_122184316802592376_6854273988381488817_n.jpg,No detectado,Genérico / Independiente,A smartwatch,Agotado
697777719_122184316802592376_6854273988381488817_n.jpg,No detectado,Genérico / Independiente,A smartwatch,Concentrado
697777719_122184316802592376_6854273988381488817_n.jpg,No detectado,Genérico / Independiente,A smartwatch,Concentrado
697777719_122184316802592376_6854273988381488817_n.jpg,No detectado,Genérico / Independiente,Sports sunglasses,Concentrado
696984752_122184317414592376_6333417573977183508_n.jpg,1580,Genérico / Independiente,A smartwatch,Concentrado
696984752_122184317414592376_6333417573977183508_n.jpg,334,Genérico / Independiente,A smartwatch,Alta Energía / Positiva
696984752_122184317414592376_6333417573977183508_n.jpg,No detectado,Genérico / Independiente,A smartwatch,Concentrado
696984752_122184317414592376_6333417573977183508_n.jpg,33,Genérico / Independiente,A smartwatch,Agotado
696984752_122184317414592376_6333417573977183508_n.jpg,No detectado,Genérico / Independiente,Headphones,Concentrado
696984752_122184317414592376_6333417573977183508_n.jpg,7183,Genérico / Independiente,A smartwatch,Agotado
696984752_122184317414592376_6333417573977183508_n.jpg,No detectado,Genérico / Independiente,A smartwatch,Concentrado
689027874_122224085210582925_7803148990937532278_n.jpg,1568,Genérico / Independiente,A smartwatch,Concentrado
689027874_122224085210582925_7803148990937532278_n.jpg,1087,Genérico / Independiente,A smartwatch,Alta Energía / Positiva
689027874_122224085210582925_7803148990937532278_n.jpg,No detectado,Genérico / Independiente,A smartwatch,Agotado
689027874_122224085210582925_7803148990937532278_n.jpg,2049,Genérico / Independiente,A smartwatch,Concentrado
689027874_122224085210582925_7803148990937532278_n.jpg,No detectado,Genérico / Independiente,A smartwatch,Concentrado
689027874_122224085210582925_7803148990937532278_n.jpg,912,Genérico / Independiente,A smartwatch,Agotado
689027874_122224085210582925_7803148990937532278_n.jpg,686,Genérico / Independiente,A smartwatch,Alta Energía / Positiva
689490092_122224087520582925_637298148938362724_n.jpg,No detectado,Genérico / Independiente,A smartwatch,Alta Energía / Positiva
689490092_122224087520582925_637298148938362724_n.jpg,13,Genérico / Independiente,A smartwatch,Alta Energía / Positiva
689490092_122224087520582925_637298148938362724_n.jpg,617,Genérico / Independiente,A smartwatch,Agotado
689490092_122224087520582925_637298148938362724_n.jpg,No detectado,Genérico / Independiente,A smartwatch,Alta Energía / Positiva
689490092_122224087520582925_637298148938362724_n.jpg,No detectado,Genérico / Independiente,A smartwatch,Concentrado
689490092_122224087520582925_637298148938362724_n.jpg,No detectado,Genérico / Independiente,A smartwatch,Alta Energía / Positiva
689477160_122224086782582925_1506629556721679953_n.jpg,1371,Genérico / Independiente,A smartwatch,Agotado
689477160_122224086782582925_1506629556721679953_n.jpg,1674,Genérico / Independiente,A smartwatch,Concentrado
689477160_122224086782582925_1506629556721679953_n.jpg,312,Genérico / Independiente,Headphones,Alta Energía / Positiva
689477160_122224086782582925_1506629556721679953_n.jpg,No detectado,Genérico / Independiente,A smartwatch,Concentrado
689477160_122224086782582925_1506629556721679953_n.jpg,No detectado,Genérico / Independiente,Sports sunglasses,Concentrado
689477160_122224086782582925_1506629556721679953_n.jpg,No detectado,Genérico / Independiente,A smartwatch,Agotado
689477160_122224086782582925_1506629556721679953_n.jpg,No detectado,Genérico / Independiente,A smartwatch,Agotado
697777789_122184315986592376_8669616209347974713_n.jpg,No detectado,Genérico / Independiente,Sports sunglasses,Alta Energía / Positiva
697777789_122184315986592376_8669616209347974713_n.jpg,No detectado,Genérico / Independiente,A smartwatch,Concentrado
697777789_122184315986592376_8669616209347974713_n.jpg,No detectado,Genérico / Independiente,Sports sunglasses,Concentrado
697777789_122184315986592376_8669616209347974713_n.jpg,No detectado,Genérico / Independiente,Sports sunglasses,Concentrado
697777789_122184315986592376_8669616209347974713_n.jpg,No detectado,Genérico / Independiente,A smartwatch,Concentrado
697777789_122184315986592376_8669616209347974713_n.jpg,No detectado,Genérico / Independiente,A smartwatch,Concentrado
689011256_122224083344582925_3468081604223216110_n.jpg,60,Genérico / Independiente,A smartwatch,Agotado
689011256_122224083344582925_3468081604223216110_n.jpg,No detectado,Genérico / Independiente,A smartwatch,Concentrado
689011256_122224083344582925_3468081604223216110_n.jpg,1201,Genérico / Independiente,A smartwatch,Agotado
689011256_122224083344582925_3468081604223216110_n.jpg,2449,Genérico / Independiente,A smartwatch,Concentrado
689011256_122224083344582925_3468081604223216110_n.jpg,No detectado,Genérico / Independiente,A smartwatch,Concentrado
689011256_122224083344582925_3468081604223216110_n.jpg,No detectado,Genérico / Independiente,A smartwatch,Agotado
689011256_122224083344582925_3468081604223216110_n.jpg,No detectado,Genérico / Independiente,A smartwatch,Agotado
689011256_122224083344582925_3468081604223216110_n.jpg,No detectado,Genérico / Independiente,A smartwatch,Concentrado
689011256_122224083344582925_3468081604223216110_n.jpg,60,Genérico / Independiente,A smartwatch,Agotado
690925875_122224089350582925_87711632945180261_n.jpg,No detectado,Genérico / Independiente,Headphones,Concentrado
690925875_122224089350582925_87711632945180261_n.jpg,971,Genérico / Independiente,Sports sunglasses,Concentrado
690925875_122224089350582925_87711632945180261_n.jpg,No detectado,Genérico / Independiente,Sports sunglasses,Concentrado
690925875_122224089350582925_87711632945180261_n.jpg,No detectado,Genérico / Independiente,A smartwatch,Alta Energía / Positiva
690925875_122224089350582925_87711632945180261_n.jpg,No detectado,Genérico / Independiente,A smartwatch,Agotado
690925875_122224089350582925_87711632945180261_n.jpg,No detectado,Genérico / Independiente,A smartwatch,Alta Energía / Positiva
690925875_122224089350582925_87711632945180261_n.jpg,144,Genérico / Independiente,A smartwatch,Alta Energía / Positiva
690925875_122224089350582925_87711632945180261_n.jpg,No detectado,Genérico / Independiente,A smartwatch,Alta Energía / Positiva
690925875_122224089350582925_87711632945180261_n.jpg,No detectado,Genérico / Independiente,A smartwatch,Agotado
690925875_122224089350582925_87711632945180261_n.jpg,No detectado,Genérico / Independiente,Headphones,Alta Energía / Positiva
690925875_122224089350582925_87711632945180261_n.jpg,No detectado,Genérico / Independiente,A smartwatch,Alta Energía / Positiva
696560519_122184317822592376_9143664374165003499_n.jpg,No detectado,Genérico / Independiente,Sports sunglasses,Alta Energía / Positiva
696560519_122184317822592376_9143664374165003499_n.jpg,No detectado,Genérico / Independiente,Headphones,Concentrado
696560519_122184317822592376_9143664374165003499_n.jpg,No detectado,Genérico / Independiente,Headphones,Concentrado
696560519_122184317822592376_9143664374165003499_n.jpg,438,Genérico / Independiente,A smartwatch,Agotado
696560519_122184317822592376_9143664374165003499_n.jpg,No detectado,Genérico / Independiente,A smartwatch,Agotado
696560519_122184317822592376_9143664374165003499_n.jpg,No detectado,Genérico / Independiente,A smartwatch,Concentrado
696560519_122184317822592376_9143664374165003499_n.jpg,No detectado,Genérico / Independiente,A smartwatch,Concentrado
696526874_122184317060592376_1455938378516395551_n.jpg,435,Genérico / Independiente,Headphones,Concentrado
696526874_122184317060592376_1455938378516395551_n.jpg,488,Genérico / Independiente,A smartwatch,Concentrado
696526874_122184317060592376_1455938378516395551_n.jpg,No detectado,Genérico / Independiente,A smartwatch,Alta Energía / Positiva
697792455_122184317300592376_5589887151807210563_n.jpg,2129,Genérico / Independiente,A smartwatch,Agotado
697792455_122184317300592376_5589887151807210563_n.jpg,No detectado,Genérico / Independiente,Headphones,Concentrado
697792455_122184317300592376_5589887151807210563_n.jpg,No detectado,Genérico / Independiente,A smartwatch,Concentrado
697792455_122184317300592376_5589887151807210563_n.jpg,No detectado,Genérico / Independiente,A smartwatch,Concentrado
698750790_122224084742582925_8082062514121021691_n.jpg,No detectado,Genérico / Independiente,Headphones,Concentrado
698750790_122224084742582925_8082062514121021691_n.jpg,No detectado,Genérico / Independiente,Headphones,Alta Energía / Positiva
698750790_122224084742582925_8082062514121021691_n.jpg,No detectado,Genérico / Independiente,A smartwatch,Alta Energía / Positiva
698750790_122224084742582925_8082062514121021691_n.jpg,No detectado,Genérico / Independiente,A smartwatch,Alta Energía / Positiva
698750790_122224084742582925_8082062514121021691_n.jpg,1788,Genérico / Independiente,Headphones,Concentrado
689022603_122224084094582925_7467864765644400072_n.jpg,438,Genérico / Independiente,A smartwatch,Concentrado
689022603_122224084094582925_7467864765644400072_n.jpg,2169,Genérico / Independiente,A smartwatch,Alta Energía / Positiva
689022603_122224084094582925_7467864765644400072_n.jpg,1994,Genérico / Independiente,A smartwatch,Concentrado
689022603_122224084094582925_7467864765644400072_n.jpg,249,Genérico / Independiente,A smartwatch,Alta Energía / Positiva
689022603_122224084094582925_7467864765644400072_n.jpg,1415,Genérico / Independiente,A smartwatch,Agotado
689022603_122224084094582925_7467864765644400072_n.jpg,No detectado,Genérico / Independiente,A smartwatch,Agotado
689022603_122224084094582925_7467864765644400072_n.jpg,No detectado,Genérico / Independiente,A smartwatch,Agotado
689022603_122224084094582925_7467864765644400072_n.jpg,No detectado,Genérico / Independiente,A smartwatch,Agotado
694462144_122224086134582925_6857846203727090408_n.jpg,No detectado,Genérico / Independiente,A smartwatch,Concentrado
694462144_122224086134582925_6857846203727090408_n.jpg,No detectado,Genérico / Independiente,A smartwatch,Agotado
694462144_122224086134582925_6857846203727090408_n.jpg,12,Genérico / Independiente,A smartwatch,Alta Energía / Positiva
694462144_122224086134582925_6857846203727090408_n.jpg,1322,Genérico / Independiente,A smartwatch,Concentrado
694462144_122224086134582925_6857846203727090408_n.jpg,1322,Genérico / Independiente,A smartwatch,Agotado
689017856_122224086776582925_5568661575025891896_n.jpg,No detectado,Genérico / Independiente,A smartwatch,Concentrado
689017856_122224086776582925_5568661575025891896_n.jpg,171,Genérico / Independiente,A smartwatch,Agotado
689017856_122224086776582925_5568661575025891896_n.jpg,No detectado,Genérico / Independiente,Headphones,Concentrado
689017856_122224086776582925_5568661575025891896_n.jpg,1800,Genérico / Independiente,A smartwatch,Agotado
689017856_122224086776582925_5568661575025891896_n.jpg,171,Genérico / Independiente,A smartwatch,Alta Energía / Positiva
689017856_122224086776582925_5568661575025891896_n.jpg,1800,Genérico / Independiente,A smartwatch,Concentrado
688294815_122224089638582925_8722632868938469167_n.jpg,2293,Genérico / Independiente,Sports sunglasses,Agotado
688294815_122224089638582925_8722632868938469167_n.jpg,104,Genérico / Independiente,Sports sunglasses,Concentrado
688294815_122224089638582925_8722632868938469167_n.jpg,No detectado,Genérico / Independiente,A smartwatch,Concentrado
688294815_122224089638582925_8722632868938469167_n.jpg,No detectado,Genérico / Independiente,Headphones,Concentrado
688294815_122224089638582925_8722632868938469167_n.jpg,No detectado,Genérico / Independiente,A smartwatch,Concentrado
688294815_122224089638582925_8722632868938469167_n.jpg,No detectado,Genérico / Independiente,A smartwatch,Concentrado
688294815_122224089638582925_8722632868938469167_n.jpg,No detectado,Genérico / Independiente,A smartwatch,Agotado
688294815_122224089638582925_8722632868938469167_n.jpg,No detectado,Genérico / Independiente,Sports sunglasses,Agotado
688294815_122224089638582925_8722632868938469167_n.jpg,No detectado,Genérico / Independiente,Headphones,Concentrado
698754648_122184317126592376_1852678788440717296_n.jpg,No detectado,Genérico / Independiente,Sports sunglasses,Alta Energía / Positiva
698754648_122184317126592376_1852678788440717296_n.jpg,No detectado,Genérico / Independiente,A smartwatch,Concentrado
698754648_122184317126592376_1852678788440717296_n.jpg,No detectado,Genérico / Independiente,A smartwatch,Concentrado
698754648_122184317126592376_1852678788440717296_n.jpg,No detectado,Genérico / Independiente,A smartwatch,Concentrado
698754648_122184317126592376_1852678788440717296_n.jpg,No detectado,Genérico / Independiente,Headphones,Concentrado
698754648_122184317126592376_1852678788440717296_n.jpg,No detectado,Genérico / Independiente,A smartwatch,Concentrado
696522090_122224088978582925_1761278810923938887_n.jpg,No detectado,Genérico / Independiente,A smartwatch,Concentrado
696522090_122224088978582925_1761278810923938887_n.jpg,No detectado,Genérico / Independiente,A smartwatch,Concentrado
696522090_122224088978582925_1761278810923938887_n.jpg,1813,Genérico / Independiente,A smartwatch,Concentrado
696522090_122224088978582925_1761278810923938887_n.jpg,No detectado,Genérico / Independiente,A smartwatch,Concentrado
696522090_122224088978582925_1761278810923938887_n.jpg,No detectado,Genérico / Independiente,A smartwatch,Agotado
696522090_122224088978582925_1761278810923938887_n.jpg,No detectado,Genérico / Independiente,A smartwatch,Alta Energía / Positiva
696522090_122224088978582925_1761278810923938887_n.jpg,No detectado,Genérico / Independiente,Sports sunglasses,Concentrado
689010314_122224087586582925_8440259076521064112_n.jpg,137,Genérico / Independiente,A smartwatch,Concentrado
689010314_122224087586582925_8440259076521064112_n.jpg,138,Genérico / Independiente,A smartwatch,Agotado
689010314_122224087586582925_8440259076521064112_n.jpg,No detectado,Genérico / Independiente,A smartwatch,Concentrado
689010314_122224087586582925_8440259076521064112_n.jpg,138,Genérico / Independiente,A smartwatch,Agotado
689010314_122224087586582925_8440259076521064112_n.jpg,No detectado,Genérico / Independiente,A smartwatch,Concentrado
689020958_122224088564582925_2246826536167358905_n.jpg,247,Genérico / Independiente,A smartwatch,Agotado
689020958_122224088564582925_2246826536167358905_n.jpg,1620,Genérico / Independiente,A smartwatch,Agotado
689020958_122224088564582925_2246826536167358905_n.jpg,1877,Genérico / Independiente,A smartwatch,Agotado
689020958_122224088564582925_2246826536167358905_n.jpg,21,Genérico / Independiente,A smartwatch,Agotado
689020958_122224088564582925_2246826536167358905_n.jpg,No detectado,Genérico / Independiente,A smartwatch,Agotado
689020958_122224088564582925_2246826536167358905_n.jpg,247,Genérico / Independiente,A smartwatch,Agotado
694308010_122224086206582925_4428526568699213288_n.jpg,No detectado,Genérico / Independiente,A smartwatch,Alta Energía / Positiva
694308010_122224086206582925_4428526568699213288_n.jpg,No detectado,Genérico / Independiente,A smartwatch,Agotado
694308010_122224086206582925_4428526568699213288_n.jpg,No detectado,Genérico / Independiente,A smartwatch,Concentrado
694308010_122224086206582925_4428526568699213288_n.jpg,No detectado,Genérico / Independiente,A smartwatch,Alta Energía / Positiva
694308010_122224086206582925_4428526568699213288_n.jpg,No detectado,Genérico / Independiente,A smartwatch,Concentrado
694308010_122224086206582925_4428526568699213288_n.jpg,No detectado,Genérico / Independiente,Sports sunglasses,Concentrado
694308010_122224086206582925_4428526568699213288_n.jpg,745,Genérico / Independiente,A smartwatch,Agotado
694308010_122224086206582925_4428526568699213288_n.jpg,No detectado,Genérico / Independiente,A smartwatch,Alta Energía / Positiva
697410257_122184317756592376_1904655987083306084_n.jpg,No detectado,Genérico / Independiente,Sports sunglasses,Alta Energía / Positiva
697410257_122184317756592376_1904655987083306084_n.jpg,No detectado,Genérico / Independiente,A smartwatch,Alta Energía / Positiva
689027017_122224084490582925_5676864139465713840_n.jpg,No detectado,Genérico / Independiente,A smartwatch,Alta Energía / Positiva
689027017_122224084490582925_5676864139465713840_n.jpg,40,Genérico / Independiente,A smartwatch,Alta Energía / Positiva
689027017_122224084490582925_5676864139465713840_n.jpg,No detectado,Genérico / Independiente,A smartwatch,Agotado
689027017_122224084490582925_5676864139465713840_n.jpg,1692,Genérico / Independiente,A smartwatch,Agotado
689027017_122224084490582925_5676864139465713840_n.jpg,543,Genérico / Independiente,A smartwatch,Concentrado
689027017_122224084490582925_5676864139465713840_n.jpg,No detectado,Genérico / Independiente,A smartwatch,Alta Energía / Positiva
689027017_122224084490582925_5676864139465713840_n.jpg,49,Genérico / Independiente,A smartwatch,Alta Energía / Positiva
689027017_122224084490582925_5676864139465713840_n.jpg,543,Genérico / Independiente,A smartwatch,Agotado
689027017_122224084490582925_5676864139465713840_n.jpg,543,Genérico / Independiente,A smartwatch,Agotado
689014926_122224084268582925_3069542870290276288_n.jpg,881,Genérico / Independiente,Headphones,Concentrado
689014926_122224084268582925_3069542870290276288_n.jpg,704,Genérico / Independiente,A smartwatch,Concentrado
689014926_122224084268582925_3069542870290276288_n.jpg,No detectado,Genérico / Independiente,A smartwatch,Agotado
689014926_122224084268582925_3069542870290276288_n.jpg,689,Genérico / Independiente,A smartwatch,Concentrado
689014926_122224084268582925_3069542870290276288_n.jpg,912,Genérico / Independiente,A smartwatch,Agotado
689014926_122224084268582925_3069542870290276288_n.jpg,No detectado,Genérico / Independiente,A smartwatch,Alta Energía / Positiva
697146182_122184316160592376_3259036876429125015_n.jpg,No detectado,Genérico / Independiente,A smartwatch,Concentrado
697146182_122184316160592376_3259036876429125015_n.jpg,1820,Genérico / Independiente,A smartwatch,Agotado
697146182_122184316160592376_3259036876429125015_n.jpg,No detectado,Genérico / Independiente,A smartwatch,Agotado
697146182_122184316160592376_3259036876429125015_n.jpg,No detectado,Genérico / Independiente,A smartwatch,Alta Energía / Positiva
697146182_122184316160592376_3259036876429125015_n.jpg,No detectado,Genérico / Independiente,A smartwatch,Agotado
697146182_122184316160592376_3259036876429125015_n.jpg,No detectado,Genérico / Independiente,Headphones,Concentrado
689008356_122224090466582925_8031668652049430317_n.jpg,No detectado,Genérico / Independiente,Headphones,Concentrado
689008356_122224090466582925_8031668652049430317_n.jpg,1620,Genérico / Independiente,A smartwatch,Concentrado
689008356_122224090466582925_8031668652049430317_n.jpg,No detectado,Genérico / Independiente,A smartwatch,Agotado
689008356_122224090466582925_8031668652049430317_n.jpg,975,Genérico / Independiente,A smartwatch,Agotado
689008356_122224090466582925_8031668652049430317_n.jpg,1595,Genérico / Independiente,A smartwatch,Alta Energía / Positiva
689008356_122224090466582925_8031668652049430317_n.jpg,51,Genérico / Independiente,A smartwatch,Concentrado
689008356_122224090466582925_8031668652049430317_n.jpg,No detectado,Genérico / Independiente,A smartwatch,Agotado
689008356_122224090466582925_8031668652049430317_n.jpg,1624,Genérico / Independiente,A smartwatch,Concentrado
689008356_122224090466582925_8031668652049430317_n.jpg,51,Genérico / Independiente,A smartwatch,Agotado
697792643_122184317504592376_1689905784764025530_n.jpg,No detectado,Genérico / Independiente,Sports sunglasses,Agotado
697792643_122184317504592376_1689905784764025530_n.jpg,223,Genérico / Independiente,A smartwatch,Concentrado
697792643_122184317504592376_1689905784764025530_n.jpg,No detectado,Genérico / Independiente,A smartwatch,Alta Energía / Positiva
697792643_122184317504592376_1689905784764025530_n.jpg,2084,Genérico / Independiente,A smartwatch,Alta Energía / Positiva
697792643_122184317504592376_1689905784764025530_n.jpg,1065,Genérico / Independiente,A smartwatch,Concentrado
697792643_122184317504592376_1689905784764025530_n.jpg,1348,Genérico / Independiente,A smartwatch,Alta Energía / Positiva
697792643_122184317504592376_1689905784764025530_n.jpg,67,Genérico / Independiente,A smartwatch,Alta Energía / Positiva
697792643_122184317504592376_1689905784764025530_n.jpg,No detectado,Genérico / Independiente,A smartwatch,Agotado
689016065_122224085456582925_543687025434658986_n.jpg,No detectado,Genérico / Independiente,A smartwatch,Alta Energía / Positiva
689016065_122224085456582925_543687025434658986_n.jpg,No detectado,Genérico / Independiente,Headphones,Alta Energía / Positiva
689016065_122224085456582925_543687025434658986_n.jpg,317,Genérico / Independiente,A smartwatch,Concentrado
689016065_122224085456582925_543687025434658986_n.jpg,No detectado,Genérico / Independiente,Headphones,Concentrado
689016065_122224085456582925_543687025434658986_n.jpg,No detectado,Genérico / Independiente,A smartwatch,Concentrado
689016065_122224085456582925_543687025434658986_n.jpg,No detectado,Genérico / Independiente,A smartwatch,Alta Energía / Positiva
698900511_122224087478582925_1622710282978034833_n.jpg,2227,Genérico / Independiente,A smartwatch,Concentrado
698900511_122224087478582925_1622710282978034833_n.jpg,No detectado,Genérico / Independiente,A smartwatch,Alta Energía / Positiva
698900511_122224087478582925_1622710282978034833_n.jpg,No detectado,Genérico / Independiente,A smartwatch,Concentrado
698900511_122224087478582925_1622710282978034833_n.jpg,No detectado,Genérico / Independiente,A smartwatch,Agotado
697377977_122184317942592376_9005594399863708147_n.jpg,1234,Genérico / Independiente,A smartwatch,Concentrado
697377977_122184317942592376_9005594399863708147_n.jpg,No detectado,Genérico / Independiente,A smartwatch,Concentrado
697377977_122184317942592376_9005594399863708147_n.jpg,No detectado,Genérico / Independiente,A smartwatch,Alta Energía / Positiva
697377977_122184317942592376_9005594399863708147_n.jpg,No detectado,Genérico / Independiente,A smartwatch,Alta Energía / Positiva
697377977_122184317942592376_9005594399863708147_n.jpg,No detectado,Genérico / Independiente,A smartwatch,Agotado
689014485_122224088600582925_3223997370129118275_n.jpg,No detectado,Genérico / Independiente,A smartwatch,Agotado
689014485_122224088600582925_3223997370129118275_n.jpg,No detectado,Genérico / Independiente,A smartwatch,Concentrado
689014485_122224088600582925_3223997370129118275_n.jpg,No detectado,Genérico / Independiente,A smartwatch,Concentrado
689014485_122224088600582925_3223997370129118275_n.jpg,No detectado,Genérico / Independiente,A smartwatch,Concentrado
689014485_122224088600582925_3223997370129118275_n.jpg,No detectado,Genérico / Independiente,A smartwatch,Agotado
689014485_122224088600582925_3223997370129118275_n.jpg,No detectado,Genérico / Independiente,Headphones,Alta Energía / Positiva
689014485_122224088600582925_3223997370129118275_n.jpg,No detectado,Genérico / Independiente,A smartwatch,Concentrado
689014485_122224088600582925_3223997370129118275_n.jpg,No detectado,Genérico / Independiente,A smartwatch,Alta Energía / Positiva
689014485_122224088600582925_3223997370129118275_n.jpg,No detectado,Genérico / Independiente,Headphones,Alta Energía / Positiva
689014485_122224088600582925_3223997370129118275_n.jpg,No detectado,Genérico / Independiente,A smartwatch,Alta Energía / Positiva
689014485_122224088600582925_3223997370129118275_n.jpg,No detectado,Genérico / Independiente,Headphones,Concentrado
689477168_122224083548582925_498873565100162419_n.jpg,No detectado,Genérico / Independiente,A smartwatch,Alta Energía / Positiva
689477168_122224083548582925_498873565100162419_n.jpg,33,Genérico / Independiente,A smartwatch,Concentrado
689477168_122224083548582925_498873565100162419_n.jpg,No detectado,Genérico / Independiente,A smartwatch,Concentrado
689477168_122224083548582925_498873565100162419_n.jpg,232,Genérico / Independiente,A smartwatch,Concentrado
689477168_122224083548582925_498873565100162419_n.jpg,1816,Genérico / Independiente,A smartwatch,Agotado
689477168_122224083548582925_498873565100162419_n.jpg,1769,Genérico / Independiente,A smartwatch,Agotado
689477168_122224083548582925_498873565100162419_n.jpg,60,Genérico / Independiente,A smartwatch,Agotado
689477168_122224083548582925_498873565100162419_n.jpg,No detectado,Genérico / Independiente,A smartwatch,Concentrado
689477168_122224083548582925_498873565100162419_n.jpg,No detectado,Genérico / Independiente,A smartwatch,Agotado
689477168_122224083548582925_498873565100162419_n.jpg,No detectado,Genérico / Independiente,A smartwatch,Alta Energía / Positiva
689477168_122224083548582925_498873565100162419_n.jpg,1769,Genérico / Independiente,A smartwatch,Agotado
689477168_122224083548582925_498873565100162419_n.jpg,1816,Genérico / Independiente,A smartwatch,Alta Energía / Positiva
688998461_122224086032582925_3968441691937701021_n.jpg,No detectado,Genérico / Independiente,Sports sunglasses,Alta Energía / Positiva
688998461_122224086032582925_3968441691937701021_n.jpg,No detectado,Genérico / Independiente,A smartwatch,Agotado
697021069_122184316466592376_5775176528148533414_n.jpg,No detectado,Genérico / Independiente,A smartwatch,Agotado
697021069_122184316466592376_5775176528148533414_n.jpg,No detectado,Genérico / Independiente,A smartwatch,Agotado
697021069_122184316466592376_5775176528148533414_n.jpg,651,Genérico / Independiente,A smartwatch,Agotado
697021069_122184316466592376_5775176528148533414_n.jpg,1712,Genérico / Independiente,A smartwatch,Concentrado
697021069_122184316466592376_5775176528148533414_n.jpg,1031,Genérico / Independiente,A smartwatch,Concentrado
697021069_122184316466592376_5775176528148533414_n.jpg,No detectado,Genérico / Independiente,A smartwatch,Alta Energía / Positiva
697777822_122184316640592376_2039579734800150620_n.jpg,No detectado,Genérico / Independiente,A smartwatch,Concentrado
697777822_122184316640592376_2039579734800150620_n.jpg,1901,Genérico / Independiente,A smartwatch,Concentrado
697777822_122184316640592376_2039579734800150620_n.jpg,No detectado,Genérico / Independiente,A smartwatch,Alta Energía / Positiva
697777822_122184316640592376_2039579734800150620_n.jpg,No detectado,Genérico / Independiente,A smartwatch,Concentrado
689448912_122224090796582925_8542340205371707566_n.jpg,1084,Genérico / Independiente,A smartwatch,Concentrado
689448912_122224090796582925_8542340205371707566_n.jpg,91,Genérico / Independiente,A smartwatch,Agotado
689448912_122224090796582925_8542340205371707566_n.jpg,No detectado,Genérico / Independiente,A smartwatch,Agotado
689448912_122224090796582925_8542340205371707566_n.jpg,1348,Genérico / Independiente,A smartwatch,Agotado
689448912_122224090796582925_8542340205371707566_n.jpg,91,Genérico / Independiente,A smartwatch,Alta Energía / Positiva
689448912_122224090796582925_8542340205371707566_n.jpg,No detectado,Genérico / Independiente,A smartwatch,Alta Energía / Positiva
689448912_122224090796582925_8542340205371707566_n.jpg,1292,Genérico / Independiente,A smartwatch,Concentrado
689448912_122224090796582925_8542340205371707566_n.jpg,1292,Genérico / Independiente,A smartwatch,Agotado
689448912_122224090796582925_8542340205371707566_n.jpg,No detectado,Genérico / Independiente,A smartwatch,Agotado
689448912_122224090796582925_8542340205371707566_n.jpg,No detectado,Genérico / Independiente,A smartwatch,Concentrado
697351339_122224089344582925_3646098493635814386_n.jpg,No detectado,Genérico / Independiente,A smartwatch,Concentrado
697351339_122224089344582925_3646098493635814386_n.jpg,686,Genérico / Independiente,A smartwatch,Alta Energía / Positiva
697351339_122224089344582925_3646098493635814386_n.jpg,No detectado,Genérico / Independiente,A smartwatch,Agotado
697351339_122224089344582925_3646098493635814386_n.jpg,1814,Genérico / Independiente,A smartwatch,Agotado
697351339_122224089344582925_3646098493635814386_n.jpg,No detectado,Genérico / Independiente,A smartwatch,Alta Energía / Positiva
697351339_122224089344582925_3646098493635814386_n.jpg,No detectado,Genérico / Independiente,A smartwatch,Alta Energía / Positiva
697351339_122224089344582925_3646098493635814386_n.jpg,No detectado,Genérico / Independiente,A smartwatch,Alta Energía / Positiva
697351339_122224089344582925_3646098493635814386_n.jpg,No detectado,Genérico / Independiente,Sports sunglasses,Concentrado
697351339_122224089344582925_3646098493635814386_n.jpg,No detectado,Genérico / Independiente,Sports sunglasses,Alta Energía / Positiva
697351339_122224089344582925_3646098493635814386_n.jpg,No detectado,Genérico / Independiente,Sports sunglasses,Agotado
696911985_122184317234592376_8814428963046452846_n.jpg,No detectado,Genérico / Independiente,A smartwatch,Concentrado
696911985_122184317234592376_8814428963046452846_n.jpg,404,Genérico / Independiente,A smartwatch,Concentrado
696911985_122184317234592376_8814428963046452846_n.jpg,No detectado,Genérico / Independiente,A smartwatch,Alta Energía / Positiva
696911985_122184317234592376_8814428963046452846_n.jpg,No detectado,Genérico / Independiente,A smartwatch,Alta Energía / Positiva
696911985_122184317234592376_8814428963046452846_n.jpg,971,Genérico / Independiente,A smartwatch,Agotado
696416762_122184315440592376_5883481719735220115_n.jpg,1945,Genérico / Independiente,Headphones,Concentrado
689481971_122224087592582925_2705572722748578162_n.jpg,No detectado,Genérico / Independiente,Sports sunglasses,Alta Energía / Positiva
689481971_122224087592582925_2705572722748578162_n.jpg,1294,Genérico / Independiente,A smartwatch,Concentrado
689481971_122224087592582925_2705572722748578162_n.jpg,136,Genérico / Independiente,A smartwatch,Alta Energía / Positiva
689481971_122224087592582925_2705572722748578162_n.jpg,No detectado,Genérico / Independiente,A smartwatch,Alta Energía / Positiva
689481971_122224087592582925_2705572722748578162_n.jpg,No detectado,Genérico / Independiente,A smartwatch,Agotado
689481971_122224087592582925_2705572722748578162_n.jpg,No detectado,Genérico / Independiente,A smartwatch,Alta Energía / Positiva
689000846_122224085426582925_8906156127061723745_n.jpg,301,Genérico / Independiente,Headphones,Concentrado
689000846_122224085426582925_8906156127061723745_n.jpg,107,Genérico / Independiente,A smartwatch,Concentrado
689000846_122224085426582925_8906156127061723745_n.jpg,1503,Genérico / Independiente,A smartwatch,Alta Energía / Positiva
689000846_122224085426582925_8906156127061723745_n.jpg,No detectado,Genérico / Independiente,A smartwatch,Alta Energía / Positiva
689000846_122224085426582925_8906156127061723745_n.jpg,No detectado,Genérico / Independiente,A smartwatch,Alta Energía / Positiva
689000846_122224085426582925_8906156127061723745_n.jpg,No detectado,Genérico / Independiente,A smartwatch,Agotado
689000846_122224085426582925_8906156127061723745_n.jpg,221,Genérico / Independiente,A smartwatch,Agotado
689485322_122224083908582925_2572931446347773077_n.jpg,No detectado,Genérico / Independiente,Sports sunglasses,Alta Energía / Positiva
689485322_122224083908582925_2572931446347773077_n.jpg,No detectado,Genérico / Independiente,Headphones,Alta Energía / Positiva
697178301_122184317354592376_8233998255553468703_n.jpg,04,Genérico / Independiente,A smartwatch,Agotado
697178301_122184317354592376_8233998255553468703_n.jpg,1537,Genérico / Independiente,A smartwatch,Agotado
697178301_122184317354592376_8233998255553468703_n.jpg,No detectado,Genérico / Independiente,A smartwatch,Concentrado
697178301_122184317354592376_8233998255553468703_n.jpg,No detectado,Genérico / Independiente,A smartwatch,Concentrado
697178301_122184317354592376_8233998255553468703_n.jpg,No detectado,Genérico / Independiente,A smartwatch,Alta Energía / Positiva
697178301_122184317354592376_8233998255553468703_n.jpg,No detectado,Genérico / Independiente,A smartwatch,Agotado
697178301_122184317354592376_8233998255553468703_n.jpg,No detectado,Genérico / Independiente,A smartwatch,Alta Energía / Positiva
697178301_122184317354592376_8233998255553468703_n.jpg,No detectado,Genérico / Independiente,A smartwatch,Alta Energía / Positiva
697178301_122184317354592376_8233998255553468703_n.jpg,No detectado,Genérico / Independiente,A smartwatch,Agotado
697084792_122184315896592376_1552490260587149097_n.jpg,719,Genérico / Independiente,A smartwatch,Concentrado
697084792_122184315896592376_1552490260587149097_n.jpg,No detectado,Genérico / Independiente,A smartwatch,Concentrado
697084792_122184315896592376_1552490260587149097_n.jpg,76,Genérico / Independiente,A smartwatch,Alta Energía / Positiva
697084792_122184315896592376_1552490260587149097_n.jpg,453,Genérico / Independiente,A smartwatch,Concentrado
697084792_122184315896592376_1552490260587149097_n.jpg,No detectado,Genérico / Independiente,Sports sunglasses,Concentrado
697084792_122184315896592376_1552490260587149097_n.jpg,No detectado,Genérico / Independiente,A smartwatch,Agotado
689011995_122224083854582925_3851237484347850578_n.jpg,No detectado,Genérico / Independiente,A smartwatch,Agotado
689011995_122224083854582925_3851237484347850578_n.jpg,211,Genérico / Independiente,A smartwatch,Concentrado
689011995_122224083854582925_3851237484347850578_n.jpg,No detectado,Genérico / Independiente,A smartwatch,Concentrado
689011995_122224083854582925_3851237484347850578_n.jpg,620,Genérico / Independiente,A smartwatch,Agotado
689011995_122224083854582925_3851237484347850578_n.jpg,No detectado,Genérico / Independiente,A smartwatch,Agotado
689011995_122224083854582925_3851237484347850578_n.jpg,620,Genérico / Independiente,A smartwatch,Concentrado
688840768_122224090310582925_2935530199526083470_n.jpg,1896,Genérico / Independiente,A smartwatch,Concentrado
688840768_122224090310582925_2935530199526083470_n.jpg,1041,Genérico / Independiente,A smartwatch,Concentrado
688840768_122224090310582925_2935530199526083470_n.jpg,651,Genérico / Independiente,A smartwatch,Agotado
688840768_122224090310582925_2935530199526083470_n.jpg,919,Genérico / Independiente,A smartwatch,Agotado
688840768_122224090310582925_2935530199526083470_n.jpg,128,Genérico / Independiente,A smartwatch,Concentrado
688840768_122224090310582925_2935530199526083470_n.jpg,No detectado,Genérico / Independiente,A smartwatch,Agotado
688840768_122224090310582925_2935530199526083470_n.jpg,128,Genérico / Independiente,A smartwatch,Concentrado
697085290_122224086830582925_6148773955419837075_n.jpg,No detectado,Genérico / Independiente,A smartwatch,Concentrado
697085290_122224086830582925_6148773955419837075_n.jpg,1675,Genérico / Independiente,A smartwatch,Agotado
697085290_122224086830582925_6148773955419837075_n.jpg,1665,Genérico / Independiente,A smartwatch,Alta Energía / Positiva
697085290_122224086830582925_6148773955419837075_n.jpg,02,Genérico / Independiente,A smartwatch,Agotado
697085290_122224086830582925_6148773955419837075_n.jpg,No detectado,Genérico / Independiente,A smartwatch,Concentrado
697085290_122224086830582925_6148773955419837075_n.jpg,No detectado,Genérico / Independiente,A smartwatch,Agotado
697085290_122224086830582925_6148773955419837075_n.jpg,No detectado,Genérico / Independiente,A smartwatch,Alta Energía / Positiva
696778912_122184316850592376_5269241273081899439_n.jpg,No detectado,Genérico / Independiente,A smartwatch,Agotado
696778912_122184316850592376_5269241273081899439_n.jpg,No detectado,Genérico / Independiente,A smartwatch,Alta Energía / Positiva
696778912_122184316850592376_5269241273081899439_n.jpg,2072,Genérico / Independiente,A smartwatch,Concentrado
696778912_122184316850592376_5269241273081899439_n.jpg,2040,Genérico / Independiente,A smartwatch,Concentrado
689009108_122224090664582925_937819512470898606_n.jpg,1084,Genérico / Independiente,A smartwatch,Concentrado
689009108_122224090664582925_937819512470898606_n.jpg,No detectado,Genérico / Independiente,Headphones,Concentrado
689009108_122224090664582925_937819512470898606_n.jpg,No detectado,Genérico / Independiente,A smartwatch,Agotado
689009108_122224090664582925_937819512470898606_n.jpg,No detectado,Genérico / Independiente,A smartwatch,Alta Energía / Positiva
689009108_122224090664582925_937819512470898606_n.jpg,1348,Genérico / Independiente,A smartwatch,Alta Energía / Positiva
689009108_122224090664582925_937819512470898606_n.jpg,No detectado,Genérico / Independiente,A smartwatch,Concentrado
696715201_122184317924592376_2509091279312272014_n.jpg,1236,Genérico / Independiente,A smartwatch,Agotado
696715201_122184317924592376_2509091279312272014_n.jpg,14,Genérico / Independiente,A smartwatch,Alta Energía / Positiva
696715201_122184317924592376_2509091279312272014_n.jpg,2063,Genérico / Independiente,A smartwatch,Concentrado
696715201_122184317924592376_2509091279312272014_n.jpg,92169,Genérico / Independiente,A smartwatch,Agotado
696715201_122184317924592376_2509091279312272014_n.jpg,No detectado,Genérico / Independiente,A smartwatch,Alta Energía / Positiva
696715201_122184317924592376_2509091279312272014_n.jpg,149,Genérico / Independiente,A smartwatch,Agotado
696715201_122184317924592376_2509091279312272014_n.jpg,No detectado,Genérico / Independiente,Headphones,Concentrado
696940073_122184317864592376_8056758895963478572_n.jpg,No detectado,Genérico / Independiente,A smartwatch,Concentrado
696940073_122184317864592376_8056758895963478572_n.jpg,No detectado,Genérico / Independiente,A smartwatch,Alta Energía / Positiva
696940073_122184317864592376_8056758895963478572_n.jpg,No detectado,Genérico / Independiente,A smartwatch,Concentrado
696940073_122184317864592376_8056758895963478572_n.jpg,78,Genérico / Independiente,A smartwatch,Agotado
688493017_122224089026582925_6152248544885399835_n.jpg,194,Genérico / Independiente,A smartwatch,Concentrado
688493017_122224089026582925_6152248544885399835_n.jpg,No detectado,Genérico / Independiente,Sports sunglasses,Concentrado
688493017_122224089026582925_6152248544885399835_n.jpg,2109,Genérico / Independiente,A smartwatch,Concentrado
688493017_122224089026582925_6152248544885399835_n.jpg,No detectado,Genérico / Independiente,A smartwatch,Concentrado
688493017_122224089026582925_6152248544885399835_n.jpg,1813,Genérico / Independiente,A smartwatch,Concentrado
688493017_122224089026582925_6152248544885399835_n.jpg,No detectado,Genérico / Independiente,A smartwatch,Concentrado
688493017_122224089026582925_6152248544885399835_n.jpg,No detectado,Genérico / Independiente,A smartwatch,Alta Energía / Positiva
688493017_122224089026582925_6152248544885399835_n.jpg,No detectado,Genérico / Independiente,A smartwatch,Alta Energía / Positiva
688493017_122224089026582925_6152248544885399835_n.jpg,No detectado,Genérico / Independiente,A smartwatch,Agotado
688493017_122224089026582925_6152248544885399835_n.jpg,No detectado,Genérico / Independiente,Sports sunglasses,Concentrado
698417583_122224088012582925_1109566238171791693_n.jpg,No detectado,Genérico / Independiente,A smartwatch,Concentrado
698417583_122224088012582925_1109566238171791693_n.jpg,No detectado,Genérico / Independiente,A smartwatch,Agotado
698417583_122224088012582925_1109566238171791693_n.jpg,No detectado,Genérico / Independiente,A smartwatch,Concentrado
698417583_122224088012582925_1109566238171791693_n.jpg,No detectado,Genérico / Independiente,A smartwatch,Agotado
698417583_122224088012582925_1109566238171791693_n.jpg,No detectado,Genérico / Independiente,Headphones,Concentrado
698417583_122224088012582925_1109566238171791693_n.jpg,No detectado,Genérico / Independiente,A smartwatch,Concentrado
697792706_122184316286592376_5637360252755287849_n.jpg,No detectado,Genérico / Independiente,Sports sunglasses,Concentrado
697792706_122184316286592376_5637360252755287849_n.jpg,No detectado,Genérico / Independiente,A smartwatch,Alta Energía / Positiva
689495487_122224088510582925_977724027198613530_n.jpg,No detectado,Genérico / Independiente,Sports sunglasses,Concentrado
689495487_122224088510582925_977724027198613530_n.jpg,1065,Genérico / Independiente,A smartwatch,Alta Energía / Positiva
689495487_122224088510582925_977724027198613530_n.jpg,No detectado,Genérico / Independiente,Headphones,Concentrado
689495487_122224088510582925_977724027198613530_n.jpg,389,Genérico / Independiente,A smartwatch,Agotado
689495487_122224088510582925_977724027198613530_n.jpg,No detectado,Genérico / Independiente,A smartwatch,Alta Energía / Positiva
697244051_122184315386592376_2991505764315328044_n.jpg,No detectado,Genérico / Independiente,Headphones,Alta Energía / Positiva
689110007_122224085984582925_4909150591383994602_n.jpg,No detectado,Genérico / Independiente,A smartwatch,Alta Energía / Positiva
689110007_122224085984582925_4909150591383994602_n.jpg,1321,Genérico / Independiente,A smartwatch,Agotado
689110007_122224085984582925_4909150591383994602_n.jpg,No detectado,Genérico / Independiente,A smartwatch,Alta Energía / Positiva
689110007_122224085984582925_4909150591383994602_n.jpg,No detectado,Genérico / Independiente,Headphones,Alta Energía / Positiva
689110007_122224085984582925_4909150591383994602_n.jpg,No detectado,Genérico / Independiente,A smartwatch,Agotado
689110007_122224085984582925_4909150591383994602_n.jpg,No detectado,Genérico / Independiente,Headphones,Concentrado
697792833_122184316526592376_1284668114858709521_n.jpg,595,Genérico / Independiente,A smartwatch,Agotado
697792833_122184316526592376_1284668114858709521_n.jpg,53,Genérico / Independiente,A smartwatch,Concentrado
697792833_122184316526592376_1284668114858709521_n.jpg,No detectado,Genérico / Independiente,A smartwatch,Concentrado
697792833_122184316526592376_1284668114858709521_n.jpg,539,Genérico / Independiente,A smartwatch,Agotado
697792833_122184316526592376_1284668114858709521_n.jpg,No detectado,Genérico / Independiente,A smartwatch,Agotado
697792833_122184316526592376_1284668114858709521_n.jpg,No detectado,Genérico / Independiente,A smartwatch,Agotado
697792833_122184316526592376_1284668114858709521_n.jpg,No detectado,Genérico / Independiente,A smartwatch,Alta Energía / Positiva
697792770_122184317936592376_3126271516294620150_n.jpg,1009,Genérico / Independiente,A smartwatch,Alta Energía / Positiva
697792770_122184317936592376_3126271516294620150_n.jpg,2066,Genérico / Independiente,A smartwatch,Alta Energía / Positiva
697792770_122184317936592376_3126271516294620150_n.jpg,No detectado,Genérico / Independiente,A smartwatch,Concentrado
697792770_122184317936592376_3126271516294620150_n.jpg,2132,Genérico / Independiente,A smartwatch,Agotado
697792770_122184317936592376_3126271516294620150_n.jpg,No detectado,Genérico / Independiente,Sports sunglasses,Concentrado
697792770_122184317936592376_3126271516294620150_n.jpg,1816,Genérico / Independiente,A smartwatch,Concentrado
697792770_122184317936592376_3126271516294620150_n.jpg,No detectado,Genérico / Independiente,A smartwatch,Concentrado
696706531_122224085102582925_1050811083720454353_n.jpg,20,Genérico / Independiente,A smartwatch,Concentrado
696706531_122224085102582925_1050811083720454353_n.jpg,917,Genérico / Independiente,A smartwatch,Concentrado
696706531_122224085102582925_1050811083720454353_n.jpg,1453,Genérico / Independiente,A smartwatch,Alta Energía / Positiva
689020919_122224087472582925_4654456451715714534_n.jpg,591,Genérico / Independiente,Headphones,Concentrado
689020919_122224087472582925_4654456451715714534_n.jpg,No detectado,Genérico / Independiente,Sports sunglasses,Alta Energía / Positiva
689020919_122224087472582925_4654456451715714534_n.jpg,1180,Genérico / Independiente,A smartwatch,Concentrado
689020919_122224087472582925_4654456451715714534_n.jpg,7180,Genérico / Independiente,A smartwatch,Concentrado
689020919_122224087472582925_4654456451715714534_n.jpg,No detectado,Genérico / Independiente,A smartwatch,Concentrado
689020919_122224087472582925_4654456451715714534_n.jpg,2249,Genérico / Independiente,A smartwatch,Concentrado
689020919_122224087472582925_4654456451715714534_n.jpg,No detectado,Genérico / Independiente,A smartwatch,Alta Energía / Positiva
689020919_122224087472582925_4654456451715714534_n.jpg,No detectado,Genérico / Independiente,A smartwatch,Agotado
689017744_122224082942582925_8745687522569822868_n.jpg,No detectado,Genérico / Independiente,A smartwatch,Concentrado
689017744_122224082942582925_8745687522569822868_n.jpg,11,Genérico / Independiente,A smartwatch,Concentrado
689017744_122224082942582925_8745687522569822868_n.jpg,60,Genérico / Independiente,A smartwatch,Alta Energía / Positiva
689017744_122224082942582925_8745687522569822868_n.jpg,7240,Genérico / Independiente,A smartwatch,Concentrado
689017744_122224082942582925_8745687522569822868_n.jpg,No detectado,Genérico / Independiente,A smartwatch,Concentrado
689017744_122224082942582925_8745687522569822868_n.jpg,No detectado,Genérico / Independiente,A smartwatch,Agotado
697777757_122184316694592376_1548894946256408732_n.jpg,1752,Genérico / Independiente,A smartwatch,Concentrado
697777757_122184316694592376_1548894946256408732_n.jpg,1613,Genérico / Independiente,A smartwatch,Alta Energía / Positiva
697777757_122184316694592376_1548894946256408732_n.jpg,1604,Genérico / Independiente,A smartwatch,Concentrado
697777757_122184316694592376_1548894946256408732_n.jpg,663,Genérico / Independiente,A smartwatch,Agotado
697777757_122184316694592376_1548894946256408732_n.jpg,22,Genérico / Independiente,A smartwatch,Alta Energía / Positiva
689020264_122224086242582925_8280902494695909052_n.jpg,No detectado,Genérico / Independiente,Sports sunglasses,Concentrado
689020264_122224086242582925_8280902494695909052_n.jpg,745,Genérico / Independiente,A smartwatch,Concentrado
689020264_122224086242582925_8280902494695909052_n.jpg,No detectado,Genérico / Independiente,A smartwatch,Alta Energía / Positiva
689020264_122224086242582925_8280902494695909052_n.jpg,No detectado,Genérico / Independiente,A smartwatch,Alta Energía / Positiva
689020264_122224086242582925_8280902494695909052_n.jpg,676,Genérico / Independiente,A smartwatch,Alta Energía / Positiva
689020264_122224086242582925_8280902494695909052_n.jpg,70,Genérico / Independiente,A smartwatch,Agotado
689020264_122224086242582925_8280902494695909052_n.jpg,No detectado,Genérico / Independiente,A smartwatch,Concentrado
689020264_122224086242582925_8280902494695909052_n.jpg,No detectado,Genérico / Independiente,Headphones,Concentrado
689020264_122224086242582925_8280902494695909052_n.jpg,No detectado,Genérico / Independiente,A smartwatch,Alta Energía / Positiva
696872798_122184315326592376_5208613560471572495_n.jpg,2013,Genérico / Independiente,A smartwatch,Concentrado
696872798_122184315326592376_5208613560471572495_n.jpg,794,Genérico / Independiente,A smartwatch,Alta Energía / Positiva
696865404_122184315854592376_7333937383047914612_n.jpg,No detectado,Genérico / Independiente,A smartwatch,Concentrado
696865404_122184315854592376_7333937383047914612_n.jpg,863,Genérico / Independiente,A smartwatch,Alta Energía / Positiva
696865404_122184315854592376_7333937383047914612_n.jpg,1817,Genérico / Independiente,A smartwatch,Alta Energía / Positiva
696865404_122184315854592376_7333937383047914612_n.jpg,No detectado,Genérico / Independiente,A smartwatch,Alta Energía / Positiva
699116484_122184317564592376_7345001273282361824_n.jpg,80,Genérico / Independiente,Sports sunglasses,Concentrado
699116484_122184317564592376_7345001273282361824_n.jpg,No detectado,Genérico / Independiente,Headphones,Concentrado
699116484_122184317564592376_7345001273282361824_n.jpg,80,Genérico / Independiente,A smartwatch,Alta Energía / Positiva
699116484_122184317564592376_7345001273282361824_n.jpg,No detectado,Genérico / Independiente,Sports sunglasses,Alta Energía / Positiva
699116484_122184317564592376_7345001273282361824_n.jpg,No detectado,Genérico / Independiente,A smartwatch,Agotado
699116484_122184317564592376_7345001273282361824_n.jpg,No detectado,Genérico / Independiente,A smartwatch,Concentrado
699116484_122184317564592376_7345001273282361824_n.jpg,No detectado,Genérico / Independiente,A smartwatch,Concentrado
689018365_122224088228582925_5272638150899911461_n.jpg,No detectado,Genérico / Independiente,A smartwatch,Concentrado
689018365_122224088228582925_5272638150899911461_n.jpg,No detectado,Genérico / Independiente,A smartwatch,Concentrado
689018365_122224088228582925_5272638150899911461_n.jpg,No detectado,Genérico / Independiente,A smartwatch,Concentrado
689018365_122224088228582925_5272638150899911461_n.jpg,No detectado,Genérico / Independiente,A smartwatch,Alta Energía / Positiva
689018365_122224088228582925_5272638150899911461_n.jpg,No detectado,Genérico / Independiente,A smartwatch,Concentrado
689018365_122224088228582925_5272638150899911461_n.jpg,No detectado,Genérico / Independiente,A smartwatch,Alta Energía / Positiva
689018365_122224088228582925_5272638150899911461_n.jpg,No detectado,Genérico / Independiente,A smartwatch,Alta Energía / Positiva
689018365_122224088228582925_5272638150899911461_n.jpg,No detectado,Genérico / Independiente,A smartwatch,Concentrado
689018365_122224088228582925_5272638150899911461_n.jpg,No detectado,Genérico / Independiente,A smartwatch,Concentrado
689002812_122224083032582925_2615395550062434851_n.jpg,1725,Genérico / Independiente,A smartwatch,Concentrado
689002812_122224083032582925_2615395550062434851_n.jpg,244,Genérico / Independiente,A smartwatch,Alta Energía / Positiva
689002812_122224083032582925_2615395550062434851_n.jpg,No detectado,Genérico / Independiente,A smartwatch,Concentrado
689002812_122224083032582925_2615395550062434851_n.jpg,No detectado,Genérico / Independiente,A smartwatch,Concentrado
689002812_122224083032582925_2615395550062434851_n.jpg,No detectado,Genérico / Independiente,A smartwatch,Alta Energía / Positiva
689002812_122224083032582925_2615395550062434851_n.jpg,No detectado,Genérico / Independiente,Headphones,Concentrado
689002812_122224083032582925_2615395550062434851_n.jpg,No detectado,Genérico / Independiente,Headphones,Concentrado
697093196_122184316748592376_620911665739751117_n.jpg,688,Genérico / Independiente,A smartwatch,Concentrado
697093196_122184316748592376_620911665739751117_n.jpg,272,Genérico / Independiente,A smartwatch,Concentrado
697093196_122184316748592376_620911665739751117_n.jpg,161,Genérico / Independiente,A smartwatch,Alta Energía / Positiva
697093196_122184316748592376_620911665739751117_n.jpg,576,Genérico / Independiente,A smartwatch,Concentrado
697093196_122184316748592376_620911665739751117_n.jpg,No detectado,Genérico / Independiente,A smartwatch,Agotado
697093196_122184316748592376_620911665739751117_n.jpg,686,Genérico / Independiente,A smartwatch,Alta Energía / Positiva
697093196_122184316748592376_620911665739751117_n.jpg,No detectado,Genérico / Independiente,A smartwatch,Alta Energía / Positiva
697093196_122184316748592376_620911665739751117_n.jpg,No detectado,Genérico / Independiente,A smartwatch,Agotado
697093196_122184316748592376_620911665739751117_n.jpg,No detectado,Genérico / Independiente,A smartwatch,Concentrado
689491291_122224082864582925_8066044473773161707_n.jpg,1811,Genérico / Independiente,A smartwatch,Concentrado
689491291_122224082864582925_8066044473773161707_n.jpg,881,Genérico / Independiente,A smartwatch,Alta Energía / Positiva
689491291_122224082864582925_8066044473773161707_n.jpg,No detectado,Genérico / Independiente,A smartwatch,Concentrado
689491291_122224082864582925_8066044473773161707_n.jpg,No detectado,Genérico / Independiente,A smartwatch,Concentrado
689491291_122224082864582925_8066044473773161707_n.jpg,No detectado,Genérico / Independiente,A smartwatch,Concentrado
689491291_122224082864582925_8066044473773161707_n.jpg,No detectado,Genérico / Independiente,A smartwatch,Concentrado
689491291_122224082864582925_8066044473773161707_n.jpg,No detectado,Genérico / Independiente,A smartwatch,Concentrado
697792943_122184315644592376_4523926581275880744_n.jpg,1295,Genérico / Independiente,A smartwatch,Concentrado
697792943_122184315644592376_4523926581275880744_n.jpg,1136,Genérico / Independiente,A smartwatch,Concentrado
697792943_122184315644592376_4523926581275880744_n.jpg,1367,Genérico / Independiente,A smartwatch,Alta Energía / Positiva
697792943_122184315644592376_4523926581275880744_n.jpg,02,Genérico / Independiente,A smartwatch,Concentrado
697792943_122184315644592376_4523926581275880744_n.jpg,1018,Genérico / Independiente,A smartwatch,Agotado
697792943_122184315644592376_4523926581275880744_n.jpg,68,Genérico / Independiente,Sports sunglasses,Alta Energía / Positiva
697777722_122184317474592376_4097580220184698802_n.jpg,388,Genérico / Independiente,A smartwatch,Alta Energía / Positiva
697777722_122184317474592376_4097580220184698802_n.jpg,1541,Genérico / Independiente,A smartwatch,Concentrado
697777722_122184317474592376_4097580220184698802_n.jpg,No detectado,Genérico / Independiente,A smartwatch,Agotado
697777722_122184317474592376_4097580220184698802_n.jpg,335,Genérico / Independiente,A smartwatch,Concentrado
697777722_122184317474592376_4097580220184698802_n.jpg,No detectado,Genérico / Independiente,A smartwatch,Alta Energía / Positiva
697777722_122184317474592376_4097580220184698802_n.jpg,1109,Genérico / Independiente,A smartwatch,Alta Energía / Positiva
697777722_122184317474592376_4097580220184698802_n.jpg,No detectado,Genérico / Independiente,A smartwatch,Alta Energía / Positiva
697777722_122184317474592376_4097580220184698802_n.jpg,1745,Genérico / Independiente,A smartwatch,Concentrado
697777722_122184317474592376_4097580220184698802_n.jpg,No detectado,Genérico / Independiente,A smartwatch,Concentrado
697777722_122184317474592376_4097580220184698802_n.jpg,No detectado,Genérico / Independiente,Sports sunglasses,Concentrado
689480510_122224090250582925_4157618743916097736_n.jpg,No detectado,Genérico / Independiente,Sports sunglasses,Concentrado
689480510_122224090250582925_4157618743916097736_n.jpg,1640,Genérico / Independiente,A smartwatch,Agotado
689480510_122224090250582925_4157618743916097736_n.jpg,1993,Genérico / Independiente,A smartwatch,Agotado
689480510_122224090250582925_4157618743916097736_n.jpg,041,Genérico / Independiente,A smartwatch,Alta Energía / Positiva
689480510_122224090250582925_4157618743916097736_n.jpg,1896,Genérico / Independiente,A smartwatch,Concentrado
689480510_122224090250582925_4157618743916097736_n.jpg,No detectado,Genérico / Independiente,A smartwatch,Alta Energía / Positiva
689480510_122224090250582925_4157618743916097736_n.jpg,No detectado,Genérico / Independiente,A smartwatch,Concentrado
689480510_122224090250582925_4157618743916097736_n.jpg,041,Genérico / Independiente,A smartwatch,Agotado
689480510_122224090250582925_4157618743916097736_n.jpg,No detectado,Genérico / Independiente,Sports sunglasses,Concentrado
698389766_122224084358582925_5174907235996523121_n.jpg,88,Genérico / Independiente,A smartwatch,Concentrado
698389766_122224084358582925_5174907235996523121_n.jpg,1692,Genérico / Independiente,A smartwatch,Agotado
698389766_122224084358582925_5174907235996523121_n.jpg,No detectado,Genérico / Independiente,A smartwatch,Alta Energía / Positiva
698389766_122224084358582925_5174907235996523121_n.jpg,60,Genérico / Independiente,A smartwatch,Alta Energía / Positiva
698389766_122224084358582925_5174907235996523121_n.jpg,No detectado,Genérico / Independiente,A smartwatch,Agotado
698389766_122224084358582925_5174907235996523121_n.jpg,33,Genérico / Independiente,A smartwatch,Alta Energía / Positiva
698389766_122224084358582925_5174907235996523121_n.jpg,543,Genérico / Independiente,A smartwatch,Concentrado
698389766_122224084358582925_5174907235996523121_n.jpg,1771,Genérico / Independiente,A smartwatch,Agotado
698389766_122224084358582925_5174907235996523121_n.jpg,543,Genérico / Independiente,A smartwatch,Alta Energía / Positiva
698389766_122224084358582925_5174907235996523121_n.jpg,33,Genérico / Independiente,A smartwatch,Alta Energía / Positiva
697000864_122184315494592376_3282502704896383825_n.jpg,915,Genérico / Independiente,Sports sunglasses,Concentrado
697000864_122184315494592376_3282502704896383825_n.jpg,59,Genérico / Independiente,A smartwatch,Concentrado
697000864_122184315494592376_3282502704896383825_n.jpg,134,Genérico / Independiente,A smartwatch,Alta Energía / Positiva
697000864_122184315494592376_3282502704896383825_n.jpg,No detectado,Genérico / Independiente,Sports sunglasses,Concentrado
697000864_122184315494592376_3282502704896383825_n.jpg,No detectado,Genérico / Independiente,A smartwatch,Concentrado
691829089_122224089068582925_8310018903952277165_n.jpg,No detectado,Genérico / Independiente,Headphones,Concentrado
691829089_122224089068582925_8310018903952277165_n.jpg,No detectado,Genérico / Independiente,Headphones,Agotado
691829089_122224089068582925_8310018903952277165_n.jpg,204,Genérico / Independiente,A smartwatch,Concentrado
691829089_122224089068582925_8310018903952277165_n.jpg,No detectado,Genérico / Independiente,Headphones,Agotado
691829089_122224089068582925_8310018903952277165_n.jpg,No detectado,Genérico / Independiente,Headphones,Concentrado
696942641_122224088642582925_2177523075477059540_n.jpg,72109,Genérico / Independiente,A smartwatch,Concentrado
696942641_122224088642582925_2177523075477059540_n.jpg,No detectado,Genérico / Independiente,A smartwatch,Alta Energía / Positiva
696942641_122224088642582925_2177523075477059540_n.jpg,1813,Genérico / Independiente,A smartwatch,Concentrado
696942641_122224088642582925_2177523075477059540_n.jpg,No detectado,Genérico / Independiente,A smartwatch,Agotado
696942641_122224088642582925_2177523075477059540_n.jpg,No detectado,Genérico / Independiente,A smartwatch,Alta Energía / Positiva
696942641_122224088642582925_2177523075477059540_n.jpg,No detectado,Genérico / Independiente,A smartwatch,Concentrado
696942641_122224088642582925_2177523075477059540_n.jpg,No detectado,Genérico / Independiente,A smartwatch,Alta Energía / Positiva
689009108_122224085588582925_1517417430665655_n.jpg,No detectado,Genérico / Independiente,A smartwatch,Concentrado
689009108_122224085588582925_1517417430665655_n.jpg,107,Genérico / Independiente,A smartwatch,Alta Energía / Positiva
689009108_122224085588582925_1517417430665655_n.jpg,No detectado,Genérico / Independiente,A smartwatch,Alta Energía / Positiva
689009108_122224085588582925_1517417430665655_n.jpg,107,Genérico / Independiente,A smartwatch,Agotado
689009108_122224085588582925_1517417430665655_n.jpg,49,Genérico / Independiente,A smartwatch,Alta Energía / Positiva
689009108_122224085588582925_1517417430665655_n.jpg,745,Genérico / Independiente,A smartwatch,Agotado
689009108_122224085588582925_1517417430665655_n.jpg,107,Genérico / Independiente,A smartwatch,Agotado
689009108_122224085588582925_1517417430665655_n.jpg,543,Genérico / Independiente,A smartwatch,Agotado
689009108_122224085588582925_1517417430665655_n.jpg,5543,Genérico / Independiente,A smartwatch,Alta Energía / Positiva
696728627_122184317006592376_8429218458211436266_n.jpg,No detectado,Genérico / Independiente,Headphones,Concentrado
696728627_122184317006592376_8429218458211436266_n.jpg,No detectado,Genérico / Independiente,A smartwatch,Concentrado
696728627_122184317006592376_8429218458211436266_n.jpg,2175,Genérico / Independiente,A smartwatch,Concentrado
696728627_122184317006592376_8429218458211436266_n.jpg,1928,Genérico / Independiente,A smartwatch,Concentrado
689837493_122224083446582925_5148334938344550554_n.jpg,No detectado,Genérico / Independiente,A smartwatch,Alta Energía / Positiva
689837493_122224083446582925_5148334938344550554_n.jpg,934,Genérico / Independiente,A smartwatch,Alta Energía / Positiva
689837493_122224083446582925_5148334938344550554_n.jpg,1429,Genérico / Independiente,A smartwatch,Concentrado
689837493_122224083446582925_5148334938344550554_n.jpg,No detectado,Genérico / Independiente,A smartwatch,Alta Energía / Positiva
689837493_122224083446582925_5148334938344550554_n.jpg,438,Genérico / Independiente,A smartwatch,Alta Energía / Positiva
689837493_122224083446582925_5148334938344550554_n.jpg,No detectado,Genérico / Independiente,A smartwatch,Concentrado
689837493_122224083446582925_5148334938344550554_n.jpg,No detectado,Genérico / Independiente,A smartwatch,Alta Energía / Positiva
689837493_122224083446582925_5148334938344550554_n.jpg,No detectado,Genérico / Independiente,A smartwatch,Alta Energía / Positiva
697196517_122184316106592376_5370526547638481261_n.jpg,No detectado,Genérico / Independiente,Sports sunglasses,Concentrado
697196517_122184316106592376_5370526547638481261_n.jpg,1081,Genérico / Independiente,A smartwatch,Agotado
697196517_122184316106592376_5370526547638481261_n.jpg,No detectado,Genérico / Independiente,A smartwatch,Concentrado
697196517_122184316106592376_5370526547638481261_n.jpg,No detectado,Genérico / Independiente,A smartwatch,Agotado
697196517_122184316106592376_5370526547638481261_n.jpg,No detectado,Genérico / Independiente,A smartwatch,Concentrado
697196517_122184316106592376_5370526547638481261_n.jpg,No detectado,Genérico / Independiente,A smartwatch,Concentrado
697196517_122184316106592376_5370526547638481261_n.jpg,No detectado,Genérico / Independiente,A smartwatch,Concentrado
697196517_122184316106592376_5370526547638481261_n.jpg,No detectado,Genérico / Independiente,A smartwatch,Concentrado
697196517_122184316106592376_5370526547638481261_n.jpg,No detectado,Genérico / Independiente,A smartwatch,Agotado
688996034_122224090316582925_5920387173650071395_n.jpg,1640,Genérico / Independiente,A smartwatch,Concentrado
688996034_122224090316582925_5920387173650071395_n.jpg,No detectado,Genérico / Independiente,Headphones,Concentrado
688996034_122224090316582925_5920387173650071395_n.jpg,1896,Genérico / Independiente,A smartwatch,Concentrado
688996034_122224090316582925_5920387173650071395_n.jpg,1894,Genérico / Independiente,A smartwatch,Concentrado
688996034_122224090316582925_5920387173650071395_n.jpg,No detectado,Genérico / Independiente,A smartwatch,Concentrado
688996034_122224090316582925_5920387173650071395_n.jpg,No detectado,Genérico / Independiente,Headphones,Concentrado
688996034_122224090316582925_5920387173650071395_n.jpg,No detectado,Genérico / Independiente,Headphones,Agotado
688996034_122224090316582925_5920387173650071395_n.jpg,No detectado,Genérico / Independiente,A smartwatch,Agotado
696954699_122184317204592376_3411586549824819097_n.jpg,526,Genérico / Independiente,A smartwatch,Agotado
696954699_122184317204592376_3411586549824819097_n.jpg,1537,Genérico / Independiente,A smartwatch,Concentrado
696954699_122184317204592376_3411586549824819097_n.jpg,770,Genérico / Independiente,A smartwatch,Concentrado
696954699_122184317204592376_3411586549824819097_n.jpg,1704,Genérico / Independiente,A smartwatch,Alta Energía / Positiva
696954699_122184317204592376_3411586549824819097_n.jpg,215,Genérico / Independiente,A smartwatch,Alta Energía / Positiva
696954699_122184317204592376_3411586549824819097_n.jpg,No detectado,Genérico / Independiente,A smartwatch,Alta Energía / Positiva
696954699_122184317204592376_3411586549824819097_n.jpg,No detectado,Genérico / Independiente,A smartwatch,Agotado
696954699_122184317204592376_3411586549824819097_n.jpg,No detectado,Genérico / Independiente,A smartwatch,Alta Energía / Positiva
696865411_122184316886592376_3609906779214738408_n.jpg,No detectado,Genérico / Independiente,A smartwatch,Concentrado
696865411_122184316886592376_3609906779214738408_n.jpg,248,Genérico / Independiente,A smartwatch,Concentrado
696865411_122184316886592376_3609906779214738408_n.jpg,No detectado,Genérico / Independiente,A smartwatch,Alta Energía / Positiva
696865411_122184316886592376_3609906779214738408_n.jpg,No detectado,Genérico / Independiente,A smartwatch,Concentrado
696865411_122184316886592376_3609906779214738408_n.jpg,No detectado,Genérico / Independiente,A smartwatch,Alta Energía / Positiva
689474246_122224088180582925_3595516812377777619_n.jpg,7310,Genérico / Independiente,A smartwatch,Concentrado
689474246_122224088180582925_3595516812377777619_n.jpg,No detectado,Genérico / Independiente,A smartwatch,Concentrado
689474246_122224088180582925_3595516812377777619_n.jpg,No detectado,Genérico / Independiente,A smartwatch,Concentrado
689474246_122224088180582925_3595516812377777619_n.jpg,No detectado,Genérico / Independiente,A smartwatch,Alta Energía / Positiva
689474246_122224088180582925_3595516812377777619_n.jpg,No detectado,Genérico / Independiente,A smartwatch,Agotado
689474246_122224088180582925_3595516812377777619_n.jpg,No detectado,Genérico / Independiente,A smartwatch,Alta Energía / Positiva
689474246_122224088180582925_3595516812377777619_n.jpg,No detectado,Genérico / Independiente,Headphones,Concentrado
696851254_122184317708592376_8032180402065447791_n.jpg,No detectado,Genérico / Independiente,A smartwatch,Concentrado
696851254_122184317708592376_8032180402065447791_n.jpg,435,Genérico / Independiente,Sports sunglasses,Alta Energía / Positiva
689012403_122224086710582925_957741091554014537_n.jpg,No detectado,Genérico / Independiente,A smartwatch,Alta Energía / Positiva
689012403_122224086710582925_957741091554014537_n.jpg,No detectado,Genérico / Independiente,Sports sunglasses,Concentrado
689012403_122224086710582925_957741091554014537_n.jpg,171,Genérico / Independiente,A smartwatch,Concentrado
689012403_122224086710582925_957741091554014537_n.jpg,435,Genérico / Independiente,A smartwatch,Alta Energía / Positiva
689012403_122224086710582925_957741091554014537_n.jpg,No detectado,Genérico / Independiente,Headphones,Concentrado
689012403_122224086710582925_957741091554014537_n.jpg,No detectado,Genérico / Independiente,A smartwatch,Alta Energía / Positiva
689012403_122224086710582925_957741091554014537_n.jpg,No detectado,Genérico / Independiente,Sports sunglasses,Concentrado
689012403_122224086710582925_957741091554014537_n.jpg,2148,Genérico / Independiente,A smartwatch,Agotado
689012403_122224086710582925_957741091554014537_n.jpg,104,Genérico / Independiente,A smartwatch,Concentrado
689024749_122224083824582925_1063263008880573561_n.jpg,No detectado,Genérico / Independiente,A smartwatch,Alta Energía / Positiva
689024749_122224083824582925_1063263008880573561_n.jpg,1994,Genérico / Independiente,A smartwatch,Concentrado
689024749_122224083824582925_1063263008880573561_n.jpg,No detectado,Genérico / Independiente,A smartwatch,Alta Energía / Positiva
689024749_122224083824582925_1063263008880573561_n.jpg,1277,Genérico / Independiente,A smartwatch,Concentrado
689024749_122224083824582925_1063263008880573561_n.jpg,No detectado,Genérico / Independiente,A smartwatch,Alta Energía / Positiva
689024749_122224083824582925_1063263008880573561_n.jpg,436,Genérico / Independiente,A smartwatch,Alta Energía / Positiva
687689228_122224089644582925_8837378875437315460_n.jpg,19,Genérico / Independiente,Sports sunglasses,Concentrado
687689228_122224089644582925_8837378875437315460_n.jpg,19,Genérico / Independiente,A smartwatch,Concentrado
687689228_122224089644582925_8837378875437315460_n.jpg,1814,Genérico / Independiente,A smartwatch,Concentrado
687689228_122224089644582925_8837378875437315460_n.jpg,No detectado,Genérico / Independiente,A smartwatch,Agotado
687689228_122224089644582925_8837378875437315460_n.jpg,No detectado,Genérico / Independiente,A smartwatch,Concentrado
687689228_122224089644582925_8837378875437315460_n.jpg,No detectado,Genérico / Independiente,Headphones,Concentrado
687689228_122224089644582925_8837378875437315460_n.jpg,No detectado,Genérico / Independiente,Sports sunglasses,Concentrado
687689228_122224089644582925_8837378875437315460_n.jpg,No detectado,Genérico / Independiente,A smartwatch,Alta Energía / Positiva
687689228_122224089644582925_8837378875437315460_n.jpg,No detectado,Genérico / Independiente,Sports sunglasses,Concentrado
